first_name;last_name;email;password;gender;phone
Beret;Totman;btotman0@feedburner.com;sL4'?Eq;Female;27 122 228 605
Reinwald;Jarrett;rjarrett1@rediff.com;yX6{+t5;Male;27 421 737 565
Pris;Stockdale;pstockdale2@psu.edu;xK2&eC81yU;Female;27 848 949 335
Harcourt;Coldman;hcoldman3@mlb.com;cB0*@,Ch;Male;27 597 236 225
Marillin;Pottery;mpottery4@hp.com;"tX5""2`nj";Female;27 966 051 785
Puff;Arlt;parlt5@desdev.cn;mN4~vYp6wBLD;Male;27 679 866 015
Andi;Morando;amorando6@hibu.com;tV3%qu<;Female;27 326 370 685
Courtenay;Feighney;cfeighney7@chron.com;kU4,XqF;Female;27 625 670 925
Emelyne;MacCumeskey;emaccumeskey8@who.int;lV8#m*!gC;Female;27 058 673 495
Pepita;Gissing;pgissing9@a8.net;sJ8'=gIvU;Female;27 908 946 585
Barton;Occleshaw;boccleshawa@columbia.edu;jI8&g#N;Male;27 268 422 305
Sheppard;Bottrell;sbottrellb@dailymail.co.uk;xN4>Cgs{q;Male;27 826 267 065
Mamie;Littleton;mlittletonc@spiegel.de;uQ1$<=Q8c;Female;27 245 655 685
Mara;Bonifant;mbonifantd@vkontakte.ru;gC5~d!gn;Female;27 804 721 605
Vaughan;Pendergast;vpendergaste@woothemes.com;oW4,.T4U.;Male;27 111 776 295
Georgetta;Kelway;gkelwayf@yandex.ru;"iB0"".k}vw";Female;27 595 147 825
Florencia;Leader;fleaderg@noaa.gov;nT2@~Hh0;Female;27 364 257 165
Ron;Mallaby;rmallabyh@opensource.org;wG0>ddJi_*z~;Male;27 596 351 505
Elden;Blyden;eblydeni@clickbank.net;xT2&(X>W,dj);Male;27 926 337 145
Galina;Foss;gfossj@mediafire.com;mZ1.`Hu;Female;27 643 221 035
Kent;Joron;kjoronk@ca.gov;kH5'RIxqSX{\;Male;27 487 566 105
Cyrillus;Pendall;cpendalll@independent.co.uk;sH7(DpMzE'lO;Male;27 182 297 715
Isaak;Kearford;ikearfordm@senate.gov;lB3/xo;Male;27 801 633 145
Lorena;Forrestill;lforrestilln@jimdo.com;cK3?0i\n#T!i;Female;27 794 946 415
Sebastien;Yancey;syanceyo@tuttocitta.it;uV7/p#u;Male;27 671 347 655
Tymon;Cowpland;tcowplandp@technorati.com;"yB5""a~jwe)7";Male;27 152 064 015
Ulrick;Stockman;ustockmanq@stanford.edu;qW5?8U;Male;27 763 233 635
Nell;Footitt;nfootittr@csmonitor.com;nF6!DvB;Female;27 632 921 475
Zane;Stubs;zstubss@vistaprint.com;aG5!d1K%7;Male;27 674 525 285
Maximo;Kinnard;mkinnardt@delicious.com;rT0,uHRE;Male;27 326 165 315
Darleen;Jakubovski;djakubovskiu@furl.net;"bA2&Ck""wF.\G";Female;27 758 774 565
Shel;O'Sheeryne;sosheerynev@blogtalkradio.com;yH3,LIg)wAe;Female;27 338 537 385
Samara;Goodband;sgoodbandw@blogtalkradio.com;sI7?(as~H;Female;27 433 609 135
Debor;Stoodale;dstoodalex@delicious.com;uY7*dvN;Female;27 638 245 555
Archer;Mehmet;amehmety@cdc.gov;"tV1}\m""";Male;27 643 953 775
Alasteir;Salthouse;asalthousez@cdc.gov;xT6@jP;Male;27 806 136 935
Stephanie;Regi;sregi10@wufoo.com;eU2@HqqeS;Female;27 951 181 605
Jennie;MacNalley;jmacnalley11@reverbnation.com;bW4~6?|q;Female;27 823 538 785
Abbie;Gambie;agambie12@webnode.com;hR2!MFI&V_(;Female;27 122 436 435
Lorie;Madill;lmadill13@sciencedaily.com;sL5$Yq4G;Female;27 302 452 135
Jasmin;Craw;jcraw14@gizmodo.com;dW0{=%;Female;27 956 161 465
Paco;Semark;psemark15@rakuten.co.jp;nH6$Ind;Male;27 644 945 285
Jeffrey;Fielding;jfielding16@baidu.com;jK3>|hstq0J;Male;27 317 229 685
Elonore;Buxam;ebuxam17@biglobe.ne.jp;pY6=<oZC;Female;27 725 944 825
Manolo;Hurling;mhurling18@europa.eu;kL2&%Kd6Uf4k;Male;27 466 931 745
Leeland;Wannop;lwannop19@sfgate.com;dL1>$UM1P;Male;27 714 738 515
Wynnie;Cochet;wcochet1a@t.co;nT9`XxV;Female;27 398 823 935
Baxy;Clows;bclows1b@nbcnews.com;wZ2,gkz;Male;27 153 622 455
Grady;Ruller;gruller1c@admin.ch;hT4}+`A!a(g;Male;27 510 433 345
Sancho;McPaik;smcpaik1d@comsenz.com;zQ2_iaV6;Male;27 316 346 655
Koralle;Rubinivitz;krubinivitz1e@geocities.com;hG1\{l;Female;27 085 715 505
Calli;Raise;craise1f@tamu.edu;bO5{bOrHZP;Female;27 275 366 085
Mac;Crebott;mcrebott1g@tumblr.com;aT0=tYzM.R$2;Male;27 037 676 185
Dunc;Mattocks;dmattocks1h@discovery.com;dN6@WVlch=C;Male;27 818 276 635
Johann;Alvares;jalvares1i@google.co.jp;uU0\}%};Male;27 647 355 065
Hillary;Crew;hcrew1j@webmd.com;lU8)fF~pums;Male;27 722 737 685
Jenelle;Ough;jough1k@mashable.com;eP9/V<z;Female;27 265 154 825
Vittorio;Vaissiere;vvaissiere1l@slideshare.net;aE7<q~/W;Male;27 219 132 825
Allix;Tasseler;atasseler1m@tripadvisor.com;xM2(kO;Female;27 387 323 305
Cesare;Kneebone;ckneebone1n@feedburner.com;"sH1.,_?""Nb";Male;27 857 773 585
Linn;Doelle;ldoelle1o@naver.com;uS3$3v@)u;Male;27 545 518 095
Currey;Chapling;cchapling1p@amazon.de;fJ7/uH4lw(#0;Male;27 704 273 885
Brunhilda;Kirsch;bkirsch1q@51.la;nK3#9};Female;27 038 135 275
Suzanna;Gurnee;sgurnee1r@ucla.edu;pR8){5;Female;27 725 688 705
Dunstan;Mix;dmix1s@admin.ch;yT2?z>ct*v&;Male;27 361 493 475
Cart;Norcop;cnorcop1t@unc.edu;yN2{n#c0;Male;27 781 446 125
Morry;Royl;mroyl1u@ycombinator.com;xA9'Bd;Male;27 825 315 585
Lancelot;Attac;lattac1v@facebook.com;pJ6}8r$;Male;27 925 287 345
Melvyn;Briggs;mbriggs1w@seesaa.net;fV9`@M;Male;27 467 474 385
Garvey;Studders;gstudders1x@uiuc.edu;hK9.WTn;Male;27 012 310 865
Kaspar;Sussans;ksussans1y@dropbox.com;yN6+W8`S;Male;27 662 625 935
Wynn;Lembcke;wlembcke1z@ycombinator.com;"aB1~""lgC";Male;27 322 665 115
Jabez;Linger;jlinger20@scientificamerican.com;uG3|~YU;Male;27 276 748 855
Ken;Brusle;kbrusle21@macromedia.com;oX1?@b\6+=;Male;27 808 157 755
Silvan;Bricket;sbricket22@cafepress.com;tA9#Lm%3;Male;27 376 785 585
Jose;Haighton;jhaighton23@google.ru;iX6$Jy1;Male;27 374 326 985
Yvon;Blaschke;yblaschke24@ning.com;cL7<oYd3Jr;Male;27 185 129 475
Vanni;Mungane;vmungane25@sogou.com;vN4=LgY;Female;27 268 514 555
Saba;De la Yglesias;sdelayglesias26@wix.com;mO0|bH~|`;Female;27 441 790 245
Rafa;Eberst;reberst27@vkontakte.ru;xF3$YrfV2;Female;27 625 569 455
Gwyn;Markovic;gmarkovic28@howstuffworks.com;xZ3_hIe+exQ1;Female;27 068 421 875
Rafaelia;Elvin;relvin29@so-net.ne.jp;aS0}5vTWA;Female;27 847 155 145
Bartram;Lelande;blelande2a@wikia.com;vX9,h&jP<;Male;27 466 248 185
Cheri;Rikkard;crikkard2b@eventbrite.com;zF2@qZtA$m;Female;27 552 690 455
Dalton;Paolo;dpaolo2c@independent.co.uk;wQ3{r18f;Male;27 483 501 855
Pieter;Elsop;pelsop2d@shinystat.com;sM3&qZ9;Male;27 722 967 565
Mar;Mein;mmein2e@aol.com;bT7'bQ;Male;27 875 644 385
Elnar;Snashall;esnashall2f@tiny.cc;pY5/$9f/3N?;Male;27 486 878 635
Aron;Iacovaccio;aiacovaccio2g@cmu.edu;rI1.EQgcR;Male;27 255 441 795
Gino;Wilkes;gwilkes2h@sakura.ne.jp;fQ7\1wo#2Kz;Male;27 319 578 315
Sherilyn;Nanni;snanni2i@yelp.com;uO0+!lh;Female;27 231 805 665
Diego;Haye;dhaye2j@github.com;oJ0__@i;Male;27 603 055 605
Laurens;Rawes;lrawes2k@patch.com;gX8.AU*v;Male;27 305 761 125
Donnie;Dunthorne;ddunthorne2l@thetimes.co.uk;rD3)=9*3cGtl;Male;27 259 753 455
Horacio;MacFie;hmacfie2m@51.la;dD7@'<Xf;Male;27 752 855 045
Anatol;Robbins;arobbins2n@wordpress.com;gI1)Fw.*,;Male;27 886 323 845
Carr;Torres;ctorres2o@youtu.be;dI0_!f\)?ky%;Male;27 524 859 785
Ebenezer;Gwinn;egwinn2p@va.gov;sO5/q!bh;Male;27 593 519 315
Willetta;Mytton;wmytton2q@marketwatch.com;aP1+Al}u&2;Female;27 364 469 955
Kassia;Burkart;kburkart2r@alexa.com;qM9!/Z;Female;27 946 373 685
Dare;Kuhnwald;dkuhnwald2s@ucsd.edu;iH9(oHPHs;Male;27 720 188 385
Leicester;Eastlake;leastlake2t@virginia.edu;nQ3*5yey_,,};Male;27 245 246 655
Ana;Grabham;agrabham2u@ebay.co.uk;gL0|bzPQ;Female;27 574 647 585
Cyril;Lazer;clazer2v@slashdot.org;cZ0@)xoOg;Male;27 691 285 325
Lissa;McQuaker;lmcquaker2w@surveymonkey.com;tC7|?aZT;Female;27 825 867 265
Ruby;McKnockiter;rmcknockiter2x@bloglines.com;zV9)&SL_NN;Female;27 310 260 635
Addy;Dunkerly;adunkerly2y@vinaora.com;xO1?F!aSe;Female;27 256 839 255
Vickie;Pierce;vpierce2z@imdb.com;aH9<|?K;Female;27 787 197 125
Renell;Bonavia;rbonavia30@issuu.com;"vC5""M}";Female;27 725 619 525
Keven;Candlin;kcandlin31@delicious.com;bR0?g*Q;Male;27 412 996 335
Micheal;Epperson;mepperson32@barnesandnoble.com;"iI7#>KIxw\""";Male;27 775 632 625
Ruddie;Eydel;reydel33@netscape.com;jZ9()Z5t;Male;27 637 290 565
Sibilla;Skerritt;sskerritt34@cdbaby.com;pM6$GDM#.0+=;Female;27 521 082 315
Arman;Larkkem;alarkkem35@feedburner.com;vQ7%vUUk;Male;27 550 315 915
Marmaduke;Ausiello;mausiello36@bbc.co.uk;fJ5&a?;Male;27 269 920 385
Jaime;Leyborne;jleyborne37@google.it;jO3!&>|5E;Male;27 157 706 625
Kimberlee;Lendrem;klendrem38@clickbank.net;wK6~Tvg;Female;27 238 668 355
Cirstoforo;Menary;cmenary39@virginia.edu;iA6><5mNl;Male;27 584 358 545
Maryjo;Ramard;mramard3a@cnn.com;nT5+D=nNx2;Female;27 839 182 105
Conway;Gargett;cgargett3b@spiegel.de;kF5&U?|7;Male;27 479 322 635
Mike;Fossett;mfossett3c@hugedomains.com;wE4&?6IV;Male;27 515 012 515
Thomasine;Devonside;tdevonside3d@omniture.com;uU4,yzTu;Female;27 528 546 855
Bayard;Monelli;bmonelli3e@si.edu;wJ6}F\QKS;Male;27 572 476 435
Nicolina;Jiri;njiri3f@youku.com;hA7`@);Female;27 724 582 935
Xena;Woffinden;xwoffinden3g@dedecms.com;mL4+Br%U;Female;27 226 221 225
Charis;Daton;cdaton3h@cyberchimps.com;kZ6@A7|t<;Female;27 140 752 725
Maxie;Jamison;mjamison3i@dailymotion.com;sF9\a8QS9;Female;27 136 463 035
Rasia;Landers;rlanders3j@who.int;tN9%3&cB;Female;27 768 133 175
Jo-ann;Marder;jmarder3k@linkedin.com;gC3*\l%;Female;27 383 953 345
Cam;Tadd;ctadd3l@washingtonpost.com;nJ5_Kvh0;Male;27 006 236 875
Bram;Veivers;bveivers3m@fotki.com;sI1<Wrq+ouWx;Male;27 578 410 385
Hobey;Arsmith;harsmith3n@ucoz.ru;gR1.N3bc;Male;27 542 972 285
Gladi;Habard;ghabard3o@gmpg.org;oN2{8i&y<.;Female;27 405 060 785
Simonette;Renad;srenad3p@state.tx.us;gH7#/0nveK;Female;27 217 476 285
Brewer;Chevis;bchevis3q@cloudflare.com;qP6/a5;Male;27 375 335 145
Julio;Jorioz;jjorioz3r@liveinternet.ru;aV7$5w5,}8;Male;27 045 698 475
Rochester;Tee;rtee3s@flavors.me;mH7~uMf;Male;27 765 282 415
Eddie;Bebbell;ebebbell3t@google.com;zY2,tfPBxb3x;Male;27 751 811 585
Caleb;Odell;codell3u@bandcamp.com;"aQ7!""a8}a|";Male;27 297 806 715
Emelyne;Mapes;emapes3v@admin.ch;lY2*_S;Female;27 322 667 305
Monti;D'Ruel;mdruel3w@cornell.edu;tB7%EDD*dXh;Male;27 821 451 575
Napoleon;Cordes;ncordes3x@behance.net;bF3.@U+;Male;27 885 713 715
Leonardo;Ondricek;londricek3y@accuweather.com;hB7/P)Eh.u*;Male;27 514 138 025
Janeva;Cleynman;jcleynman3z@pcworld.com;zH8!hwFwuNg@;Female;27 668 118 875
Kent;Forrington;kforrington40@oaic.gov.au;"pR4\*jyZQ""";Male;27 238 558 535
Levi;Wands;lwands41@nifty.com;gX7!6&S;Male;27 337 418 425
Adam;Momford;amomford42@bizjournals.com;sU4&o/CMb@;Male;27 917 451 215
Kati;Duns;kduns43@drupal.org;jN4`os}JXVg<;Female;27 171 876 755
Wyn;MacEveley;wmaceveley44@amazon.de;tS7~i8~Je;Male;27 377 226 855
Sheppard;Tomanek;stomanek45@ebay.co.uk;zZ6{V<;Male;27 170 510 815
Gonzales;Manifield;gmanifield46@moonfruit.com;wX3<kdW;Male;27 144 327 855
Ashlin;Grenville;agrenville47@people.com.cn;tD5.Ms;Male;27 843 529 775
Arleen;Rubury;arubury48@loc.gov;tV6*eZx9;Female;27 871 121 145
Athena;Peagram;apeagram49@imgur.com;"iA0_fP""Z";Female;27 521 407 715
Phillipe;Canby;pcanby4a@wp.com;mH5?n\8|;Male;27 607 798 355
Porty;Hancorn;phancorn4b@cam.ac.uk;"yT4""M<r!";Male;27 329 607 155
Nat;Pentin;npentin4c@is.gd;lY5+LS6o&RJ;Male;27 041 967 965
Thomasa;Geerits;tgeerits4d@weather.com;wX1`F\@;Female;27 614 315 175
Avictor;Caffin;acaffin4e@bbc.co.uk;wA1(a2C=%t{;Male;27 165 136 715
Sergent;Jammes;sjammes4f@stanford.edu;vW9_3NrU;Male;27 162 451 765
Natalya;Cossum;ncossum4g@123-reg.co.uk;aF0*C9/Z;Female;27 895 622 435
Kyle;Coan;kcoan4h@wp.com;eR6~{TlX0;Female;27 922 251 755
Malcolm;Liggons;mliggons4i@nyu.edu;hK6*&v38n;Male;27 125 791 235
Tremayne;Marchington;tmarchington4j@google.cn;qW2$\0'+D;Male;27 774 350 215
Tally;Espadater;tespadater4k@usnews.com;fQ0$PD$)u#u;Male;27 006 813 195
Andre;Coskerry;acoskerry4l@thetimes.co.uk;cN1&49X|%;Male;27 594 486 175
Leighton;Avey;lavey4m@netlog.com;tV2{$f@'b;Male;27 745 832 645
Hilary;Yakunin;hyakunin4n@chron.com;cK6>aUD'X|;Female;27 646 628 415
Umeko;Ponder;uponder4o@abc.net.au;sM0?&~;Female;27 341 186 635
Sinclair;Paulson;spaulson4p@tiny.cc;xN0'tYn'V<T;Male;27 325 682 075
Bennett;Gleader;bgleader4q@sciencedirect.com;pU1!x_;Male;27 834 434 455
Karina;Morley;kmorley4r@about.me;sY7*7AaPh;Female;27 773 172 835
Rois;Goley;rgoley4s@ustream.tv;zT7?PQ9+gKDu;Female;27 795 862 205
Christean;Farrand;cfarrand4t@nationalgeographic.com;gK3{=C`;Female;27 176 162 245
Mary;Maycock;mmaycock4u@npr.org;kR9|O1;Female;27 464 914 765
Humfrid;Copins;hcopins4v@vistaprint.com;gO8~ZhN4D/MK;Male;27 618 678 545
Agace;Ogles;aogles4w@gmpg.org;"pU6.v|<fq?""R";Female;27 585 300 605
Riki;Stratton;rstratton4x@newsvine.com;xP3|Yh;Female;27 702 601 285
Christabella;Darben;cdarben4y@biglobe.ne.jp;lE3#teaUY2;Female;27 651 147 455
Gail;Yakushkev;gyakushkev4z@weebly.com;rL0@n#s;Male;27 133 810 885
Rich;Dudding;rdudding50@mediafire.com;wN8>TM};Male;27 458 971 225
Hilda;Wenn;hwenn51@a8.net;vX7,|)>J;Female;27 646 676 625
Broddy;Goade;bgoade52@blogtalkradio.com;tJ1?sRHRO;Male;27 784 414 355
Sheree;Daltrey;sdaltrey53@wp.com;tB4#m(;Female;27 056 142 305
Bridie;Stockhill;bstockhill54@toplist.cz;yN3~fN;Female;27 115 753 645
Leora;Gue;lgue55@miitbeian.gov.cn;"dC9@a=y""z";Female;27 668 105 865
Consalve;Merington;cmerington56@aboutads.info;cD7@wcqm17;Male;27 451 348 835
Em;McQuilty;emcquilty57@joomla.org;iC8.efx.`}jp;Female;27 168 316 585
Benny;Kalisch;bkalisch58@youtube.com;mD2\c$Y+;Female;27 251 557 635
Melisent;Hodinton;mhodinton59@stumbleupon.com;pS5`vO;Female;27 609 842 355
Kaitlynn;Leale;kleale5a@umn.edu;rQ9<S`WOKH;Female;27 813 927 765
Idell;Dungay;idungay5b@yahoo.com;"yI8""!7~";Female;27 842 428 195
Berky;Caltun;bcaltun5c@ibm.com;uB6'?a'P;Male;27 232 270 425
Gunner;Prettjohn;gprettjohn5d@wufoo.com;zV8+RV;Male;27 946 719 985
Jorgan;Mouget;jmouget5e@skyrock.com;"aT1""SB=/";Male;27 468 315 525
Englebert;O'Grada;eograda5f@example.com;xL6>j1|1n\L;Male;27 896 239 325
Simona;Cobbing;scobbing5g@japanpost.jp;vV4=h*!nR};Female;27 733 876 325
Justus;Cornau;jcornau5h@businessinsider.com;rR6+1T;Male;27 827 103 345
Mathian;Bariball;mbariball5i@chronoengine.com;fM2@<>)<;Male;27 587 673 815
Rosana;Meaney;rmeaney5j@howstuffworks.com;"jJ1""aQRubz7u";Female;27 106 495 845
Irma;Robbel;irobbel5k@alibaba.com;kZ0>S=5a;Female;27 661 064 605
Isabelita;Pentecust;ipentecust5l@salon.com;qD9!fvhm9A;Female;27 834 851 185
Felice;Rait;frait5m@booking.com;tD6#1l8{R*;Female;27 497 820 855
Duncan;Izsak;dizsak5n@hp.com;mY2,%LR6;Male;27 688 336 875
Sutton;Rouchy;srouchy5o@irs.gov;cA8$FQl7Bj;Male;27 781 939 465
Ermina;Vannar;evannar5p@ftc.gov;lE3*Tm;Female;27 472 714 945
Elston;Gwyer;egwyer5q@prnewswire.com;rE3,cOLhDB\X;Male;27 596 138 585
Wendell;Huttley;whuttley5r@woothemes.com;gP4+TUWn.$(d;Male;27 557 815 115
Cozmo;Lamond;clamond5s@1und1.de;cM7{L,a;Male;27 442 831 655
Liliane;Hellyer;lhellyer5t@vk.com;bJ9&{E_Xt;Female;27 328 818 335
Jamey;Kevern;jkevern5u@furl.net;iX7_7'YX#;Male;27 307 921 815
Scotti;Woodfield;swoodfield5v@nymag.com;eP6=}g||;Male;27 294 486 535
Petrina;Basire;pbasire5w@360.cn;yH6*kmP;Female;27 138 071 695
Viola;Whewill;vwhewill5x@salon.com;jJ7>Pm.ovT;Female;27 565 560 285
Mala;Benny;mbenny5y@youtube.com;bZ4_|p;Female;27 389 645 625
Enrique;Capewell;ecapewell5z@networksolutions.com;qH7)F'43\7;Male;27 149 816 155
Nike;Housegoe;nhousegoe60@sogou.com;wS9>)wV4NE=@;Female;27 848 816 445
Ulrika;Waith;uwaith61@google.co.jp;oY3!<HeuTH;Female;27 596 561 085
Dick;Bance;dbance62@usda.gov;wI7`jgg;Male;27 480 525 525
Giuditta;Paten;gpaten63@seesaa.net;tR4{ny4VR54l;Female;27 534 855 855
Rahel;Peeter;rpeeter64@usda.gov;fO6\smdM3#a/;Female;27 334 477 965
Elset;Truscott;etruscott65@bing.com;"jJ9?Hv(w""";Female;27 265 513 485
Sebastian;Harefoot;sharefoot66@exblog.jp;zS4|5z<9_z$N;Male;27 554 464 915
Melinde;Drain;mdrain67@cbslocal.com;"eX4""NW";Female;27 599 568 135
Bengt;Demangel;bdemangel68@columbia.edu;lN5~6ItSu;Male;27 476 485 765
Querida;Wimlet;qwimlet69@vistaprint.com;tN9!==;Female;27 557 321 865
Morgana;Winspurr;mwinspurr6a@altervista.org;lG9`syR;Female;27 383 212 505
Gwynne;Plascott;gplascott6b@naver.com;kA5&nR&;Female;27 678 234 625
Emmett;Tomsu;etomsu6c@discuz.net;xT9.kf3;Male;27 065 980 445
Toma;Mee;tmee6d@geocities.com;eE7=S?cO;Female;27 777 052 475
Lionel;Sabin;lsabin6e@jiathis.com;hO9~mt\r;Male;27 518 849 325
Constancia;Stook;cstook6f@ibm.com;lU4+i`v;Female;27 111 954 455
Ian;Kelemen;ikelemen6g@squidoo.com;aB2>CmiE|)+;Male;27 238 876 445
Tabbi;Slite;tslite6h@sciencedirect.com;sZ0!r(1\T!;Female;27 663 443 175
Ginnifer;Wevell;gwevell6i@buzzfeed.com;"wE5.$""";Female;27 287 242 545
Raynor;Mohamed;rmohamed6j@sbwire.com;vM4&chQgbBi;Male;27 726 206 335
Wandie;Tustin;wtustin6k@netscape.com;kI1#~LWkl;Female;27 736 533 545
Kerwin;Greim;kgreim6l@bandcamp.com;eM9{{{yH;Male;27 541 167 825
Floria;Felton;ffelton6m@netlog.com;fB5|oi;Female;27 505 230 585
Dorelle;Sizeland;dsizeland6n@bravesites.com;"gX2)Q1cVd""";Female;27 818 691 875
Sharia;Fortescue;sfortescue6o@furl.net;bW1?s)jk;Female;27 255 724 955
Caterina;Hucks;chucks6p@wikispaces.com;dA9+qzxRC;Female;27 885 594 265
Stephan;Kindleside;skindleside6q@163.com;oR9!G?;Male;27 118 658 745
Robbyn;Micheu;rmicheu6r@google.com.hk;xD1@PYbX$;Female;27 749 262 175
Marco;Ondrousek;mondrousek6s@istockphoto.com;tK8&QM8o62{/;Male;27 603 313 275
Farr;Sisley;fsisley6t@artisteer.com;iJ5|Aynw(/%;Male;27 692 148 365
Harlin;Harrington;hharrington6u@cnn.com;lG0=`2<;Male;27 820 846 795
Mose;Fuentez;mfuentez6v@storify.com;pR5/sm3l(/;Male;27 878 471 805
Baillie;Feldstein;bfeldstein6w@usa.gov;uR0=*MfYy$@;Male;27 761 659 265
Tabina;Valentin;tvalentin6x@wisc.edu;mW2*1yTk83o};Female;27 365 782 335
Sabra;Dumsday;sdumsday6y@zimbio.com;uK0)tUT*5;Female;27 045 477 175
Holly;Peer;hpeer6z@quantcast.com;nR2.BQuz;Male;27 186 721 805
Niall;Twinbrow;ntwinbrow70@quantcast.com;dW2@!'RZ;Male;27 551 968 065
Eyde;Delucia;edelucia71@about.com;aJ5~/#Nqcu;Female;27 332 645 995
Corby;Echlin;cechlin72@dagondesign.com;gW3`PP};Male;27 334 345 225
Jeanelle;Eastop;jeastop73@businesswire.com;"wC4~""zYNJ0j""";Female;27 462 472 335
Daveta;Fonte;dfonte74@elegantthemes.com;fS7$}e@Z\Mp;Female;27 258 558 375
Lawrence;Millwater;lmillwater75@google.ca;hB8!/E;Male;27 743 263 835
Gar;Dunnett;gdunnett76@netvibes.com;hL2=~(&G.4N;Male;27 695 537 175
Gussie;Marvin;gmarvin77@hubpages.com;oU8`b_;Female;27 555 281 835
Myrle;Tedridge;mtedridge78@weather.com;wW6`Cu/|;Female;27 120 581 775
Tedie;Wellwood;twellwood79@webmd.com;fJ8,HG;Male;27 834 986 855
Isiahi;Gouinlock;igouinlock7a@usa.gov;fV5\yQ;Male;27 981 182 735
Michele;Gleadhall;mgleadhall7b@uiuc.edu;fU1+L=`iJ;Male;27 792 786 115
Tedie;Keysall;tkeysall7c@friendfeed.com;hK1,}m;Male;27 722 433 115
Adiana;Fronczak;afronczak7d@google.ca;bE0!nod{O.;Female;27 127 234 785
Buckie;Edmead;bedmead7e@webmd.com;pC1(A??3pF,9;Male;27 236 533 515
Adan;Nicklen;anicklen7f@amazon.co.jp;fM9=jK2PU~S;Male;27 292 505 255
Javier;Hartless;jhartless7g@prlog.org;"cK1*>""H";Male;27 681 735 585
Isaiah;Flament;iflament7h@ucsd.edu;cE3,E\J%;Male;27 634 531 325
Kaitlin;Mowle;kmowle7i@google.es;qG9?7~;Female;27 385 909 225
Deeann;Glavis;dglavis7j@independent.co.uk;yA6+,}&Bq?=;Female;27 554 714 325
Alexis;Ajam;aajam7k@icio.us;jI6=@8eo;Male;27 448 472 615
Rowe;Buessen;rbuessen7l@shareasale.com;rA0<f9;Female;27 682 250 625
Marsh;Sharratt;msharratt7m@t.co;wZ9(i_aw>;Male;27 812 718 235
Ibbie;Scallon;iscallon7n@gov.uk;vS1#>o<EI;Female;27 427 477 375
Claybourne;Heindrick;cheindrick7o@sun.com;xF1(3Pqt;Male;27 618 149 725
Meredeth;De Meyer;mdemeyer7p@taobao.com;hU6{=c)E5;Male;27 112 226 365
Dorolisa;Nelsey;dnelsey7q@ovh.net;iB8@7GKcea;Female;27 944 534 615
Ivor;Lukianov;ilukianov7r@qq.com;pX7@y33m?$(I;Male;27 418 092 335
Christi;Jupp;cjupp7s@barnesandnoble.com;sU8/lDPS7;Female;27 153 172 325
Ario;Randals;arandals7t@sogou.com;wQ1|f(EsS;Male;27 037 923 215
Florian;Tatton;ftatton7u@networkadvertising.org;eR3+,LYf`Fhu;Male;27 934 551 445
Brigham;Scutching;bscutching7v@xinhuanet.com;yR7\D5;Male;27 500 264 555
Tedi;Curston;tcurston7w@exblog.jp;lW6.wdZW@bNl;Female;27 471 580 545
Kittie;Latliff;klatliff7x@yelp.com;jH1|$zT1ikSe;Female;27 116 734 065
Maegan;Halvorsen;mhalvorsen7y@wunderground.com;oL2!\~h)<;Female;27 148 816 715
Hughie;Nelane;hnelane7z@netvibes.com;qV4?M7%;Male;27 636 826 115
Cymbre;Gallaway;cgallaway80@reverbnation.com;mP3)t<e;Female;27 652 764 025
Vanessa;Loughhead;vloughhead81@ameblo.jp;dD7+ZrvSsE;Female;27 071 011 615
Diane-marie;Cordeau;dcordeau82@ucla.edu;kA0?v!)K&N;Female;27 233 842 835
Kala;Finlan;kfinlan83@cbsnews.com;lJ0$=Anj;Female;27 748 843 715
Shalne;Pechacek;spechacek84@hatena.ne.jp;qH4?TDe;Female;27 762 566 225
Nelli;Shiliton;nshiliton85@parallels.com;eH7=gJa;Female;27 377 248 935
Darn;Conachie;dconachie86@dedecms.com;qA6?`s;Male;27 136 618 465
Kippie;McCart;kmccart87@wikimedia.org;uE8&|o~TV{;Male;27 344 174 585
Braden;Corradino;bcorradino88@desdev.cn;qQ3`VtrN<\_C;Male;27 287 644 785
Marlowe;Hurry;mhurry89@gizmodo.com;tY4#|5qSY;Male;27 718 904 045
Faustina;Impson;fimpson8a@ucoz.ru;pV0#Pe/d;Female;27 847 373 215
Dell;Dommersen;ddommersen8b@1und1.de;aA4=OuY;Male;27 945 122 875
Zara;Kollach;zkollach8c@stanford.edu;jT7\cL;Female;27 814 113 545
Shae;Hudspith;shudspith8d@walmart.com;gS7<n4NN;Male;27 004 882 725
Catherine;Gofton;cgofton8e@homestead.com;uZ5}?Ly<F\Jb;Female;27 613 267 255
Griffith;Lampett;glampett8f@webmd.com;fC4,B6(9EK;Male;27 493 341 315
Bartholomew;Couvet;bcouvet8g@opensource.org;mK6?PY>;Male;27 727 823 665
Horst;Norcliffe;hnorcliffe8h@discovery.com;"lO9""&!z";Male;27 150 322 275
Rhodie;Pittham;rpittham8i@biglobe.ne.jp;cY6{T64YsOcx;Female;27 554 182 445
Deane;Jickells;djickells8j@blogtalkradio.com;fT3&9m#)p$.&;Female;27 679 503 675
Valeria;Leser;vleser8k@dyndns.org;bT2~xR34NJ;Female;27 788 693 145
Frazer;Chitty;fchitty8l@cnbc.com;dY5>9G*`D?M;Male;27 044 452 265
Sofie;Giovanizio;sgiovanizio8m@quantcast.com;cB7&w4;Female;27 568 691 515
Gerrie;Barnfield;gbarnfield8n@livejournal.com;pO4|@S&p+;Male;27 563 778 705
Justino;Dreigher;jdreigher8o@ustream.tv;vZ6|j);Male;27 228 837 155
Grazia;Discombe;gdiscombe8p@mlb.com;xN8/>|S/>;Female;27 547 787 795
Seth;Backhouse;sbackhouse8q@scribd.com;zI5<sr7clYLw;Male;27 261 375 685
Vida;Cassedy;vcassedy8r@issuu.com;rD4@Tw@NZ&H;Female;27 823 447 165
Caleb;Knocker;cknocker8s@yahoo.com;yT6@<{,B.3)(;Male;27 475 144 335
Fionnula;Thorowgood;fthorowgood8t@hp.com;uK1/5ZHtFTT';Female;27 498 213 645
Roselle;Itzkov;ritzkov8u@tamu.edu;cT7'jLd{;Female;27 836 082 445
Tera;Skidmore;tskidmore8v@issuu.com;zF4(q(s7N'+;Female;27 228 171 445
Whitby;Sewell;wsewell8w@ebay.com;hD2{EXl;Male;27 028 955 385
Donal;Milberry;dmilberry8x@odnoklassniki.ru;sL1%tK6n%|;Male;27 725 590 445
Dionisio;Poluzzi;dpoluzzi8y@dot.gov;wX9=#`)o;Male;27 738 943 135
Delbert;Eggleton;deggleton8z@chronoengine.com;sW9{+uT+U;Male;27 071 238 355
Gerard;Wheildon;gwheildon90@51.la;zB7(S&oKb0;Male;27 070 361 665
Port;Panton;ppanton91@slideshare.net;wP9=eHgG!!!;Male;27 725 238 815
Eli;Hollow;ehollow92@qq.com;uQ0?xdu;Male;27 678 676 755
Darnell;Sallenger;dsallenger93@seattletimes.com;iV7}*yS;Male;27 234 729 925
Stella;Dibden;sdibden94@blogs.com;wS3?Q&;Female;27 758 595 275
Bobbie;Waterhous;bwaterhous95@ftc.gov;mR5)#J`K;Male;27 177 552 125
Chaunce;Budik;cbudik96@opensource.org;eG0&MM;Male;27 558 441 105
Paige;Eckh;peckh97@tinyurl.com;gG5<wD&vhs`q;Male;27 595 662 645
Sonya;Alder;salder98@canalblog.com;aP2|N>%Al.7;Female;27 413 247 705
Glenine;Doctor;gdoctor99@ask.com;rQ5(=WzIl;Female;27 640 871 545
Olivero;Norgate;onorgate9a@latimes.com;fO8_moO>89;Male;27 549 266 765
Corliss;Bonevant;cbonevant9b@usatoday.com;uQ4&W);Female;27 272 282 655
Dasya;Postance;dpostance9c@g.co;uH1\iS(;Female;27 871 842 305
Waring;Simionescu;wsimionescu9d@blogs.com;vF0!.O>;Male;27 220 012 305
Graham;Ellick;gellick9e@mediafire.com;kN1$RV;Male;27 219 131 815
Anthiathia;Clerk;aclerk9f@umich.edu;vX9'xP)A;Female;27 554 983 755
Yard;Di Nisco;ydinisco9g@taobao.com;pX5!\P=%Cb;Male;27 450 406 685
Ramsay;Crisp;rcrisp9h@pbs.org;lL5&5vo;Male;27 050 546 245
Roderich;Crewther;rcrewther9i@youku.com;qA0=U>b;Male;27 627 929 565
Brittany;Cordet;bcordet9j@home.pl;nQ5`kII##;Female;27 287 556 665
Major;Celiz;mceliz9k@vistaprint.com;jV4*!7$H'q;Male;27 536 771 165
Ruby;Petrussi;rpetrussi9l@nsw.gov.au;tY1$\8;Male;27 855 927 775
Christiane;Spicer;cspicer9m@disqus.com;uT2&ffrPZ;Female;27 628 718 615
Correy;Yourell;cyourell9n@seesaa.net;bH9@~y~zbR)~;Female;27 781 551 565
Karlotte;Reide;kreide9o@bloglines.com;wG2\OH;Female;27 530 031 875
Bradan;Matthiesen;bmatthiesen9p@kickstarter.com;eO1/'c|p)<@e;Male;27 418 353 255
Evie;Willcot;ewillcot9q@sohu.com;oH7*pKJM}j;Female;27 182 595 025
Whitman;Dallyn;wdallyn9r@squarespace.com;oT1$MaZVCA;Male;27 966 958 835
Ricoriki;Brentnall;rbrentnall9s@spotify.com;nU1!v7$p#;Male;27 854 385 335
Malvina;Santry;msantry9t@friendfeed.com;oG0\hr3PuZ;Female;27 738 831 065
Gus;Sperling;gsperling9u@webeden.co.uk;gR0#zB<{Q=s);Male;27 486 323 365
David;MacChaell;dmacchaell9v@nps.gov;cM0$rZ;Male;27 871 836 255
Chicky;Govett;cgovett9w@reference.com;aH2*UVr;Male;27 831 877 265
Godfry;Butteris;gbutteris9x@posterous.com;nZ7>rq3r;Male;27 644 132 775
Justinian;Philips;jphilips9y@123-reg.co.uk;qN4=PY*;Male;27 084 197 915
Anne;Burge;aburge9z@cpanel.net;"kI8""d0";Female;27 553 643 665
Jenn;Chaplyn;jchaplyna0@discuz.net;vG3(\SP;Female;27 905 429 665
Alfred;Philippon;aphilippona1@geocities.com;oM4(D@byW3;Male;27 732 827 335
Ryun;Mountstephen;rmountstephena2@1und1.de;sD4_xv;Male;27 567 882 835
Winfield;Danforth;wdanfortha3@google.com.au;bT7~CE{F.;Male;27 704 404 445
Ced;Touhig;ctouhiga4@reference.com;xE5_*H_aO><;Male;27 859 417 965
Ethelred;Andreacci;eandreaccia5@vistaprint.com;qO7,Q?3jz{O1;Male;27 562 538 475
Cordell;Kall;ckalla6@homestead.com;yK8&7k|.E`L|;Male;27 964 093 315
Thia;Tullot;ttullota7@ezinearticles.com;oV0>gS&B);Female;27 965 874 635
Danice;Ciobotaro;dciobotaroa8@dropbox.com;nR2.&Poxg;Female;27 613 303 325
Bay;Knutsen;bknutsena9@jigsy.com;jT8<cY#imH;Male;27 051 152 165
Adah;Barrington;abarringtonaa@sitemeter.com;lR3|,FH<y;Female;27 042 612 645
Charisse;Ponde;cpondeab@patch.com;mU1<T~l`WLBU;Female;27 171 835 295
Barty;Daft;bdaftac@virginia.edu;bY1>V5o8Hd;Male;27 460 305 575
Susi;Larway;slarwayad@skyrock.com;cS1{X#3;Female;27 840 197 105
Upton;Hartright;uhartrightae@independent.co.uk;nG4%NAVR`)A4;Male;27 263 489 325
Tess;Pinn;tpinnaf@livejournal.com;"dL6#CID""%";Female;27 183 742 755
Maribelle;Abbots;mabbotsag@lycos.com;lS1_Q65#RTt;Female;27 687 868 625
Christen;Sweatman;csweatmanah@washingtonpost.com;mO1'_&;Female;27 035 324 875
Kyle;Condell;kcondellai@histats.com;bF1@}KhZUf;Female;27 619 302 315
Flor;McKendo;fmckendoaj@people.com.cn;lR0_1%=KLc;Female;27 741 202 225
Brittne;Whaites;bwhaitesak@howstuffworks.com;bS4@b*I>;Female;27 728 534 545
Milt;Ramos;mramosal@usda.gov;qK8=B,,,_;Male;27 321 763 475
Archibald;Tschersich;atschersicham@google.ca;hY2@hRwC9q;Male;27 659 178 075
Clim;Buttle;cbuttlean@theguardian.com;sQ6+(%O~;Male;27 103 553 065
Tammy;Pilipyak;tpilipyakao@bluehost.com;"wY4,Y""=\+""";Male;27 277 771 725
Roseanna;Eddies;reddiesap@wsj.com;qN4{ZC;Female;27 793 758 575
Vern;Whiffin;vwhiffinaq@clickbank.net;dQ2?AJ(Y@y;Male;27 885 475 165
Christopher;Beville;cbevillear@networksolutions.com;wG8!w_f4q~.i;Male;27 484 413 075
Emmi;McAlinion;emcalinionas@examiner.com;bG8=7*j1,l;Female;27 858 270 985
Jaymee;Suffe;jsuffeat@slashdot.org;bU3$V9F+*PqL;Female;27 296 425 155
Washington;Tressler;wtresslerau@theatlantic.com;"tO3""""doxer";Male;27 594 274 565
Bradly;Stairmond;bstairmondav@geocities.jp;yD7(.lR#'0eT;Male;27 517 363 035
Maddie;Twiggs;mtwiggsaw@archive.org;wY1`.M;Male;27 252 471 145
Ardella;Broseke;abrosekeax@toplist.cz;eD6~@)Ik#;Female;27 595 097 775
Temple;Paszek;tpaszekay@telegraph.co.uk;kN6&a?v;Male;27 933 972 555
Desmund;Adame;dadameaz@omniture.com;"oS0*DCd""+ym";Male;27 534 449 435
Karil;Vearncomb;kvearncombb0@independent.co.uk;pW2>r_Dw5g{;Female;27 388 788 185
Clare;Tolchard;ctolchardb1@usda.gov;"mX8)mw)/B{_""";Female;27 255 851 335
Brooke;Richens;brichensb2@aboutads.info;qT0~|O<;Male;27 684 803 325
Gene;Kenrack;gkenrackb3@microsoft.com;kS0'%l1TVw;Female;27 442 262 665
Anderea;Grayer;agrayerb4@fc2.com;oU7!iJN;Female;27 596 747 525
Lennard;Millen;lmillenb5@un.org;wF0$Cg;Male;27 734 754 515
Tito;Milhench;tmilhenchb6@miitbeian.gov.cn;cT9#zu$Anv;Male;27 871 674 275
Boone;MacNeely;bmacneelyb7@engadget.com;vB5.@gT4f;Male;27 812 331 425
Ginnie;Sheehan;gsheehanb8@mail.ru;qZ6~_SO%;Female;27 435 258 575
Josy;Kilfoyle;jkilfoyleb9@dell.com;aB1'oN?;Female;27 546 357 865
Uriel;Bartot;ubartotba@smugmug.com;fE2.YRd\D>2;Male;27 096 137 545
Anallese;Piwall;apiwallbb@mediafire.com;oJ6~gqj;Female;27 134 963 725
Wyndham;Morad;wmoradbc@yolasite.com;pV0`<YZ4i;Male;27 571 542 785
Murray;Rowswell;mrowswellbd@miitbeian.gov.cn;"bM1'""{P";Male;27 242 285 525
Dionne;Bottinelli;dbottinellibe@microsoft.com;"wG4""F`D?m0me";Female;27 161 280 565
Cordy;Mannering;cmanneringbf@deliciousdays.com;sC3)}F;Female;27 885 602 585
Grace;Robard;grobardbg@diigo.com;nJ5>tq*;Female;27 563 448 655
Berky;Gianuzzi;bgianuzzibh@123-reg.co.uk;qZ6<cnDL9;Male;27 785 130 275
Remington;Mumbeson;rmumbesonbi@myspace.com;hC5\g!a;Male;27 180 662 345
Virge;Brumbye;vbrumbyebj@youtu.be;iK5.30u~o;Male;27 418 579 445
Blithe;O'Noulane;bonoulanebk@nature.com;iO8`0M9/;Female;27 986 297 175
Aluin;Emslie;aemsliebl@nifty.com;nA8,EtyMK;Male;27 757 940 195
Maddy;Adderson;maddersonbm@uiuc.edu;jC3{W\=jh;Female;27 106 489 315
Kristofor;Eggerton;keggertonbn@umich.edu;nJ2\za!iN6ZJ;Male;27 395 545 315
Hollis;Sivess;hsivessbo@google.nl;hD4}q`q,;Male;27 725 113 545
Giordano;Extance;gextancebp@weather.com;"eF3""a.`rs1'Q";Male;27 699 371 845
Cristin;Boole;cboolebq@alexa.com;kX1?ky~\V;Female;27 051 796 805
Adolphus;Rospars;arosparsbr@mashable.com;qR6_~H!?;Male;27 296 376 335
Bethena;Bagenal;bbagenalbs@illinois.edu;oQ4&Zjc;Female;27 423 994 445
Fabio;Simioni;fsimionibt@netvibes.com;"gK0""}5";Male;27 531 657 335
Eddie;Breadmore;ebreadmorebu@yahoo.com;dJ1~JsQM7;Male;27 768 758 635
Torrence;Vasilechko;tvasilechkobv@blogger.com;gD2+yQ2&*Fy_;Male;27 050 807 745
Caresa;Perl;cperlbw@illinois.edu;"iB0*X2""k=6\_";Female;27 518 374 255
Shurlocke;Tumbridge;stumbridgebx@flickr.com;aM9/!.B80oK;Male;27 914 563 515
Siobhan;Foley;sfoleyby@exblog.jp;eW6.jTTf;Female;27 207 108 885
Worden;Weedon;wweedonbz@utexas.edu;dI2'k?;Male;27 111 398 545
Shawn;Monck;smonckc0@chronoengine.com;cY7&i3;Male;27 480 617 175
Harris;Franscioni;hfranscionic1@opera.com;gW3/IZnFLZh;Male;27 925 299 175
Kean;Prewer;kprewerc2@is.gd;"oO6=""gC";Male;27 479 470 225
Ricki;Flatte;rflattec3@smugmug.com;cF2.|0;Male;27 331 707 565
Shae;Zarfai;szarfaic4@squarespace.com;zR2@{dwJ+;Male;27 549 847 595
Cathrine;Steljes;csteljesc5@soup.io;vM9}@/WQCR~;Female;27 694 793 055
Cosimo;Gaunter;cgaunterc6@cnn.com;lK2`R2<!hq;Male;27 103 675 115
Darrelle;Hyndson;dhyndsonc7@usgs.gov;qW5.=vW1;Female;27 364 673 765
Lois;Normant;lnormantc8@jimdo.com;wG5(YA%?};Female;27 398 622 915
Dagny;Frentz;dfrentzc9@adobe.com;bX1*C~w>S;Male;27 330 834 195
Shane;Mitton;smittonca@umn.edu;kZ4)(=KHy~;Male;27 616 546 615
Amelie;Longhirst;alonghirstcb@exblog.jp;"iV9'4*pj0""";Female;27 444 593 135
Estrellita;Ortelt;eorteltcc@mapy.cz;tF8~&C50x~L;Female;27 576 692 825
Arley;Lightbowne;alightbownecd@com.com;iK1,4=;Male;27 878 322 785
Kenn;Birtwisle;kbirtwislece@vistaprint.com;tG6{eI;Male;27 037 896 875
Gladi;Michell;gmichellcf@patch.com;jX7=fM,i={+m;Female;27 238 767 725
Athene;Cottell;acottellcg@tumblr.com;rP8+\K>8_N;Female;27 692 065 985
Doy;Warburton;dwarburtonch@eepurl.com;qB7>U~;Male;27 163 772 345
Dori;Levesque;dlevesqueci@chron.com;oI8*O?kA&;Female;27 216 334 425
Aharon;Digwood;adigwoodcj@51.la;qD3*/kK;Male;27 610 824 775
Kinnie;Gierck;kgierckck@yellowpages.com;qW2+u*;Male;27 832 175 485
Mendel;Jeffcoat;mjeffcoatcl@stumbleupon.com;zC6&`N;Male;27 721 181 365
Raphael;Canaan;rcanaancm@blogspot.com;zT7'qH0+@r;Male;27 286 402 325
Aurelea;Davitt;adavittcn@youku.com;"fX0""0|e";Female;27 219 412 735
Maggi;Gumm;mgummco@newsvine.com;hE4,pyy.;Female;27 084 872 625
Stefano;Scanlon;sscanloncp@newsvine.com;cO2&tGaD=;Male;27 782 230 715
Godfrey;Heijne;gheijnecq@mysql.com;zQ6{~w+;Male;27 226 975 025
Clare;Tidcombe;ctidcombecr@sciencedirect.com;eE0=LGo;Female;27 637 614 405
Sayers;Hamstead;shamsteadcs@tamu.edu;gS8}m5!=&;Male;27 489 252 445
Tiffani;Jamson;tjamsonct@github.com;fQ5_&=2;Female;27 894 799 885
Allie;Frizzell;afrizzellcu@go.com;xF0=PJmS;Female;27 469 927 555
Alfie;Downer;adownercv@berkeley.edu;rA2'v>7sHW9;Male;27 557 431 305
Rhody;Poulett;rpoulettcw@shinystat.com;mG6}(N;Female;27 615 676 215
Jere;Pethick;jpethickcx@microsoft.com;"fD1?r""%nXav";Female;27 511 201 555
Kalvin;Tallboy;ktallboycy@joomla.org;iH5*iY%8{Kk;Male;27 583 820 095
Florrie;Wenman;fwenmancz@com.com;"gQ8+N1""7M";Female;27 756 258 275
Marvin;Kuller;mkullerd0@eventbrite.com;yM3?eh+R1)Nc;Male;27 164 002 915
Kalli;Burchmore;kburchmored1@goo.ne.jp;nM4$mc3lHU0X;Female;27 415 329 245
Orin;Abella;oabellad2@mapquest.com;fV2`|RV;Male;27 623 754 195
Ange;Demsey;ademseyd3@simplemachines.org;rZ8**O(;Female;27 424 073 035
Dom;Rowberry;drowberryd4@about.com;eJ5%2FkG`;Male;27 371 874 475
Jordana;Tabour;jtabourd5@gmpg.org;gD9$zyS;Female;27 128 774 585
Giovanni;Orteaux;gorteauxd6@nps.gov;aP4&\g2I.815;Male;27 221 480 985
Mercedes;Saveall;msavealld7@feedburner.com;aW9`D?X;Female;27 287 262 715
Hart;Cram;hcramd8@auda.org.au;tK6(jxLJy?#L;Male;27 828 833 145
Magdalen;Hinkins;mhinkinsd9@paypal.com;kW3@V4,|+a>?;Female;27 182 585 345
Derick;Cayzer;dcayzerda@icq.com;hI8@(+e1@n(;Male;27 247 785 335
Denni;Choulerton;dchoulertondb@mozilla.com;mT4+NNI;Female;27 726 277 025
Myca;Rimmington;mrimmingtondc@reddit.com;wR7?aJ4;Male;27 166 211 555
Abelard;Donati;adonatidd@wikia.com;cD4|/eHG;Male;27 356 086 085
Louella;Scarrott;lscarrottde@mit.edu;wN0{LA&'6r!g;Female;27 146 321 575
Marwin;Stocking;mstockingdf@edublogs.org;zT9<I*;Male;27 276 532 845
Manya;Redgate;mredgatedg@mayoclinic.com;sG9>+0i&;Female;27 760 510 905
Pepe;Tremelling;ptremellingdh@elpais.com;tY2~XZr,dT;Male;27 181 132 685
Judye;McAvin;jmcavindi@unicef.org;pS8~Ma.G;Female;27 461 318 065
Jeniffer;Prebble;jprebbledj@networkadvertising.org;rV3@FE2?m;Female;27 422 576 105
Glyn;Rougier;grougierdk@cpanel.net;aW7=aS;Female;27 353 885 365
Brandi;Scoggin;bscoggindl@altervista.org;yS4.daqq`;Female;27 588 654 085
Lars;Mingasson;lmingassondm@seesaa.net;gD9'(QLH)be;Male;27 271 252 485
Thibaut;De Biasio;tdebiasiodn@t-online.de;"fG2""0vzavN";Male;27 028 337 845
Sharline;Kettley;skettleydo@washingtonpost.com;xN2'!wrIydfa;Female;27 672 581 405
Fabiano;Sealy;fsealydp@geocities.com;aS3|V~L*T*v;Male;27 648 218 585
Saundra;Cutting;scuttingdq@si.edu;kR6.olv/c;Female;27 785 414 665
Alyce;Extal;aextaldr@whitehouse.gov;yZ7~+)!;Female;27 382 408 305
Gerrie;Simakov;gsimakovds@wikimedia.org;jA0%G4p@iE;Female;27 595 189 925
Nigel;Seeger;nseegerdt@opera.com;zL0_,%|I\;Male;27 955 282 715
Etienne;Jessup;ejessupdu@sbwire.com;fX1<FJqm/*n;Male;27 563 357 605
Fredrika;Mound;fmounddv@boston.com;xL0<Ty;Female;27 867 827 865
Federico;Bushrod;fbushroddw@va.gov;nQ8$'IL@{;Male;27 102 106 565
Andy;Gallimore;agallimoredx@facebook.com;nW9>H?8;Male;27 878 489 025
Norri;Usborn;nusborndy@columbia.edu;"qP9/}JIj1""";Female;27 608 446 725
Wenda;Ronaldson;wronaldsondz@ihg.com;hI6&ROw|V5m;Female;27 874 623 815
Yasmin;Adanet;yadanete0@blinklist.com;qS4_o2;Female;27 116 328 875
Jeromy;Beincken;jbeinckene1@fema.gov;kM8+`3};Male;27 561 268 295
Elianora;Bottby;ebottbye2@seesaa.net;kI7=X=x*lxf.;Female;27 188 428 405
Marissa;Dibner;mdibnere3@quantcast.com;nO9)#/CH;Female;27 426 583 985
Mikey;Halligan;mhalligane4@weibo.com;nX4.bZ>5X3;Male;27 346 436 145
Celestia;Dolman;cdolmane5@ucoz.com;bL2}nmE>&DM;Female;27 849 086 125
Adria;Foxton;afoxtone6@chron.com;vQ7`XnFc}d;Female;27 995 162 925
Magdalena;Goligher;mgolighere7@cpanel.net;tT7>7,X;Female;27 442 658 595
Mirabella;Cowpland;mcowplande8@amazon.co.jp;pD3?_E$xNNB;Female;27 805 218 825
Briny;Coull;bcoulle9@odnoklassniki.ru;lV5`nUQe%c;Female;27 352 933 275
Derek;Newens;dnewensea@vistaprint.com;"zB6&A{#""=Er";Male;27 258 254 905
Ira;Lawday;ilawdayeb@aol.com;zR0>hW*i(;Female;27 161 961 975
Rollie;Gallaccio;rgallaccioec@flavors.me;dL2*>#G$;Male;27 807 548 765
Cesare;Cloughton;ccloughtoned@quantcast.com;oM3_sj~;Male;27 725 513 775
Westley;Andersson;wanderssonee@hexun.com;xP4}|\6_QrV;Male;27 119 412 635
Armand;Bourbon;abourbonef@amazon.co.uk;dG7~>ef0a5;Male;27 434 265 055
Clare;Amy;camyeg@smugmug.com;nK1?A,Y=;Male;27 754 485 235
Tootsie;Coldbath;tcoldbatheh@dyndns.org;gL6$!_3Orj';Female;27 988 210 625
Benny;Duguid;bduguidei@accuweather.com;bZ0,*n?;Male;27 144 334 165
Gilbert;Sowood;gsowoodej@scientificamerican.com;tN2}AYtL@z;Male;27 607 101 775
Katleen;Cuppitt;kcuppittek@imageshack.us;cZ8>$z!`_v;Female;27 263 317 665
Naomi;Gaydon;ngaydonel@springer.com;aJ8#M&HbneE;Female;27 495 579 345
Alina;Baseggio;abaseggioem@senate.gov;fT8'$RcPN8;Female;27 103 737 345
Katine;Bragg;kbraggen@ihg.com;oI8&,!;Female;27 507 363 795
Farrel;Mulqueen;fmulqueeneo@ucoz.ru;eU5&.q4a8Y5;Male;27 022 943 445
Libby;Attoc;lattocep@google.com.hk;oD4}orgXQB;Female;27 837 644 395
Blaine;Tomasi;btomasieq@gizmodo.com;uQ5`l=;Male;27 698 774 255
Denver;Realph;drealpher@google.com;pN2>|d,k}QA;Male;27 801 422 855
Brockie;Himsworth;bhimsworthes@spotify.com;aW3.J9INAa;Male;27 322 681 965
Jae;Kendell;jkendellet@domainmarket.com;yX5>RKm}e;Male;27 267 282 375
Theo;Laban;tlabaneu@moonfruit.com;vH2&3d*REH;Female;27 532 467 755
Dukie;Stillert;dstillertev@tamu.edu;oU0&zsBUEZp7;Male;27 873 460 805
Hagan;Dillinton;hdillintonew@booking.com;lL7<T{zHcpPZ;Male;27 047 360 685
Conroy;Inman;cinmanex@amazon.de;hE3+b/!;Male;27 291 627 935
Ennis;Cariss;ecarissey@walmart.com;tZ9=/Ap;Male;27 535 841 625
Drake;Ailmer;dailmerez@mediafire.com;jJ0?$h;Male;27 752 510 455
Estrellita;Laslett;elaslettf0@indiegogo.com;tN8*')4;Female;27 177 570 165
Corbett;Whitty;cwhittyf1@nhs.uk;pK9))X`Y5EH;Male;27 343 656 125
Cecilio;Tringham;ctringhamf2@boston.com;qD1~8!~G2=NQ;Male;27 130 966 115
Benito;Gathwaite;bgathwaitef3@seesaa.net;gY7*m9;Male;27 110 692 785
Way;Clampett;wclampettf4@alibaba.com;jG9=1?_;Male;27 516 156 755
Konstanze;Pyle;kpylef5@about.me;uT2%(j61o;Female;27 524 709 145
Drona;Parks;dparksf6@ning.com;aE1=ZxRazC;Female;27 682 672 395
Billi;McCunn;bmccunnf7@sitemeter.com;tH0(?5);Female;27 460 887 995
Stern;Wayon;swayonf8@utexas.edu;mR4>uY;Male;27 416 434 455
Octavius;Snalham;osnalhamf9@uiuc.edu;"uJ9$|f""_|l*{";Male;27 357 457 385
Neale;Hawket;nhawketfa@cdc.gov;"oE6"",AGLKBL";Male;27 486 580 365
Adelice;Storr;astorrfb@hud.gov;"iJ7""#fN";Female;27 241 441 625
Alessandro;Sickert;asickertfc@zdnet.com;rM3\zTC@;Male;27 815 869 245
Wilhelmina;Linsey;wlinseyfd@baidu.com;lS9{)(yKA;Female;27 532 518 375
Thornie;Keady;tkeadyfe@zimbio.com;nM6{Yp<;Male;27 957 287 935
Hieronymus;Jemmett;hjemmettff@slideshare.net;"jP8""AC3";Male;27 731 373 385
Weber;Speake;wspeakefg@yellowpages.com;cU2\h76h0%l;Male;27 567 351 825
Gayel;Carrel;gcarrelfh@home.pl;pJ6/xLiiA6s;Female;27 604 807 975
Lynn;Farnie;lfarniefi@bandcamp.com;fW1?BD|;Male;27 641 291 325
Fairlie;Briars;fbriarsfj@senate.gov;"jT1+9"">Fb";Male;27 696 186 575
Dasi;Madeley;dmadeleyfk@yelp.com;aM0>jGJNH=#u;Female;27 226 148 855
Reade;Pentelo;rpentelofl@weebly.com;eN6'CPWPSYX;Male;27 876 388 965
Jolynn;Mazzilli;jmazzillifm@dell.com;mI0*h$UA;Female;27 243 240 365
Dean;Newcome;dnewcomefn@github.com;lU9~n78;Male;27 555 211 035
Mischa;Durden;mdurdenfo@businessweek.com;dI3/QpF=pq;Male;27 436 351 435
Quintana;Seyfart;qseyfartfp@chron.com;dW5{uTrXk;Female;27 628 375 645
Candis;McElroy;cmcelroyfq@biglobe.ne.jp;aU0(/Pfc@o;Female;27 567 485 265
Jorrie;Gilmartin;jgilmartinfr@alibaba.com;hJ5%`7;Female;27 331 132 175
Gunar;Parfett;gparfettfs@1688.com;rN4./=sep>G;Male;27 678 573 805
Tamma;Sterrick;tsterrickft@merriam-webster.com;sH4_OmXEGGN_;Female;27 162 634 345
Rica;Hartington;rhartingtonfu@ucsd.edu;hS4,Y%jk;Female;27 798 705 835
Meade;Vanyushkin;mvanyushkinfv@weather.com;eO4/}+'X/m(;Male;27 359 286 955
Sioux;Eades;seadesfw@statcounter.com;kB2#+?;Female;27 877 765 955
Cathy;Brayne;cbraynefx@biblegateway.com;pP6?4Af;Female;27 323 194 355
Jard;Goning;jgoningfy@latimes.com;lQ6$Dmxj7o);Male;27 487 423 375
Corty;Birbeck;cbirbeckfz@wired.com;vU2?KssNM#F;Male;27 991 517 885
Anetta;Tinan;atinang0@un.org;pV3)c`Il%CZ;Female;27 306 483 325
Ardeen;Winspare;awinspareg1@mysql.com;"dY0*C""";Female;27 736 955 715
Frants;Knibbs;fknibbsg2@cnn.com;vK9`go3%+NV`;Male;27 126 240 395
Rhys;Danielot;rdanielotg3@boston.com;gE2{%{I;Male;27 283 353 255
Zondra;Dowson;zdowsong4@clickbank.net;lS0@xk#;Female;27 025 308 375
Albert;Phinnessy;aphinnessyg5@w3.org;xO4/er2h3~H;Male;27 133 638 535
Kattie;Knell;kknellg6@furl.net;iN6'iF;Female;27 869 207 635
Terry;Pomfrey;tpomfreyg7@harvard.edu;hY4'|V;Male;27 414 374 655
Noam;Shill;nshillg8@economist.com;"cK2>GYurwL""C";Male;27 717 326 315
Diane-marie;Bardnam;dbardnamg9@360.cn;gH1}OZ7o1H;Female;27 828 202 395
Allin;Brockbank;abrockbankga@jalbum.net;kC2~8d7HWK;Male;27 588 238 385
Bern;Ruoff;bruoffgb@rediff.com;hH1*L2Q#dR;Male;27 075 216 685
Blinny;Castles;bcastlesgc@newyorker.com;"hI5{K""v{";Female;27 148 472 275
Kennedy;Delgardillo;kdelgardillogd@bluehost.com;jL0`G>er;Male;27 134 600 755
Dirk;Leftwich;dleftwichge@chicagotribune.com;"bT5~1""C*)";Male;27 283 324 375
Charla;Hammerberger;chammerbergergf@ehow.com;pZ8)d8T=;Female;27 276 269 155
Broddie;Winchurch;bwinchurchgg@canalblog.com;kD6>Dm;Male;27 274 294 805
Veradis;Dabnot;vdabnotgh@mysql.com;aU3>4_.;Female;27 225 144 225
Morty;Aberkirder;maberkirdergi@seattletimes.com;hQ7++U!T\;Male;27 512 948 065
Jessee;Arnald;jarnaldgj@dmoz.org;iG4~5<ASKj;Male;27 888 685 285
Sindee;Goricke;sgorickegk@twitpic.com;jN0>rG?CAJ$B;Female;27 780 171 125
Tammi;Vasyutichev;tvasyutichevgl@tiny.cc;hM4`Bm2HsE;Female;27 861 375 585
Ode;Conquest;oconquestgm@illinois.edu;"dT5@oP""g";Male;27 269 565 075
Ennis;Duddin;eduddingn@i2i.jp;"xT8""R3";Male;27 304 307 535
Thorpe;Romao;tromaogo@google.co.uk;sN4?hxq;Male;27 016 266 475
Frasquito;Kerslake;fkerslakegp@pen.io;xD6{}xO?/nyX;Male;27 702 413 345
Anselm;Doudny;adoudnygq@wisc.edu;uR8|b1;Male;27 142 357 765
Kennie;Harvey;kharveygr@technorati.com;bO9@N@UN;Male;27 482 413 765
Ninnetta;Belliss;nbellissgs@bing.com;dH3\'\n+JT%;Female;27 846 375 435
Roley;Sheryn;rsheryngt@nsw.gov.au;mC4+XRi;Male;27 758 285 865
Lucho;Bridgland;lbridglandgu@altervista.org;jR5'pS_jPQRK;Male;27 150 364 145
Aleta;Spurman;aspurmangv@woothemes.com;tB7%Ouojk;Female;27 233 090 875
Adolpho;Shiril;ashirilgw@google.co.jp;lS7(8n/Z9`;Male;27 433 340 895
Hort;Klimt;hklimtgx@google.fr;"jQ4""P$";Male;27 866 766 765
Peirce;Markie;pmarkiegy@baidu.com;mM1,*r;Male;27 462 751 545
Quinlan;Lammert;qlammertgz@loc.gov;dE0|C|F?;Male;27 792 261 165
Ingamar;McCurry;imccurryh0@nasa.gov;hC1&JCE,p_A;Male;27 674 521 665
Nicolai;Nicholson;nnicholsonh1@weebly.com;oK7>tH;Male;27 321 549 225
Salim;Geharke;sgeharkeh2@uol.com.br;"rB7)g.=yM""J";Male;27 815 442 055
Udall;Roiz;uroizh3@webmd.com;zC9$W*&!N;Male;27 518 191 875
Sharline;Faveryear;sfaveryearh4@statcounter.com;bF1*EnhuY;Female;27 786 326 705
Celinda;Burg;cburgh5@godaddy.com;pV1/T0;Female;27 968 680 275
Giralda;Brando;gbrandoh6@cnbc.com;bG5`PbGV<;Female;27 632 311 585
Julee;Pickerill;jpickerillh7@cmu.edu;jM8,PfiG;Female;27 798 337 925
Beverlee;Giacobbo;bgiacobboh8@apple.com;rT8$}h;Female;27 102 167 285
Gaultiero;Toleman;gtolemanh9@yahoo.co.jp;vL0/?8uk;Male;27 725 765 355
Meriel;Duckham;mduckhamha@dell.com;xP4\od<9;Female;27 479 047 735
Glendon;Mewha;gmewhahb@stumbleupon.com;qB6>$3Zc;Male;27 514 195 075
Willi;Haggar;whaggarhc@etsy.com;uQ7~F=x;Female;27 760 241 745
Howey;Siccombe;hsiccombehd@livejournal.com;wW2~\YXFwFj<;Male;27 218 207 835
Dallas;Robinette;drobinettehe@freewebs.com;vI2>HW`~*Jaw;Male;27 945 515 515
Barbi;Corby;bcorbyhf@goo.ne.jp;pJ0~sCcr;Female;27 026 661 805
Miguel;Course;mcoursehg@nature.com;zQ1\u6/`C80{;Male;27 447 742 725
Herve;Seyfart;hseyfarthh@independent.co.uk;eA0!&?H,hA/?;Male;27 722 374 595
Frederica;Dymidowski;fdymidowskihi@xing.com;jR5.4Fhi;Female;27 507 175 615
Cobby;Rominov;crominovhj@umich.edu;xK0?ozE,I}yn;Male;27 153 436 345
Halli;Simononsky;hsimononskyhk@dagondesign.com;kE7<}=Z;Female;27 453 444 575
Steven;Clemenzo;sclemenzohl@slideshare.net;vO1!tl.OYU`};Male;27 942 836 625
Boyd;Griffiths;bgriffithshm@earthlink.net;jD4|,'2};Male;27 172 614 435
Efrem;Edger;eedgerhn@g.co;lU2_s5x;Male;27 573 276 075
Tillie;Quarrington;tquarringtonho@wufoo.com;zC6{%YJvJq;Female;27 258 252 665
Egor;Burker;eburkerhp@taobao.com;fC3?uZeaEUAc;Male;27 731 659 165
Yvon;Gullam;ygullamhq@wordpress.com;gB6!nP*f;Male;27 893 719 575
Rosita;Cattemull;rcattemullhr@paginegialle.it;mI9$+,.;Female;27 617 891 795
Ravid;Yemm;ryemmhs@un.org;iV2+QNzk06o8;Male;27 328 417 115
Cecilla;Po;cpoht@craigslist.org;sA1_%f4A/;Female;27 480 743 405
Kylie;Landrean;klandreanhu@si.edu;qD7<<H0'9b';Female;27 258 237 565
Chalmers;Pabel;cpabelhv@stanford.edu;lR3'>Y!wtH;Male;27 672 499 045
Rickey;Colquite;rcolquitehw@deviantart.com;sY8*I0aX/O;Male;27 732 711 125
Paxton;Dunnett;pdunnetthx@omniture.com;qO1/Hi8;Male;27 704 375 135
Daune;Sterzaker;dsterzakerhy@topsy.com;zX6{L#>;Female;27 424 888 125
Arty;Cousins;acousinshz@joomla.org;xU2$`|MN#WF;Male;27 866 270 195
Jack;Bowlesworth;jbowlesworthi0@abc.net.au;zS3`QE7%\;Male;27 465 716 585
Mira;Matieu;mmatieui1@independent.co.uk;oR0/!(1RbP;Female;27 676 336 915
Stirling;Burdekin;sburdekini2@google.nl;sN3,>nbS;Male;27 047 148 445
Kenny;Woolham;kwoolhami3@thetimes.co.uk;lG2>uxtik;Male;27 368 297 285
Warde;Shropshire;wshropshirei4@sitemeter.com;cJ8)`4#Ql3f;Male;27 774 228 705
Ody;Woodnutt;owoodnutti5@hibu.com;cP2<?_d;Male;27 636 139 845
Jamesy;Frampton;jframptoni6@github.io;hN2/R)oUR0E;Male;27 182 073 215
Myrah;Nineham;mninehami7@1688.com;yN4{Y&;Female;27 554 434 225
Raddie;Scrigmour;rscrigmouri8@digg.com;vB9*&lh#n&E~;Male;27 548 604 995
Dorey;Joret;djoreti9@twitter.com;qU1$1{''`;Female;27 365 868 335
Zilvia;Downer;zdowneria@dailymail.co.uk;aU1+V);Female;27 165 672 745
Roddy;Eddie;reddieib@nifty.com;eE3@.1F;Male;27 102 722 775
Ximenes;Insall;xinsallic@lulu.com;sW9<Z{8,wX;Male;27 887 816 195
Ira;Howchin;ihowchinid@imageshack.us;uP5*vS2o_ht;Female;27 051 920 855
Dorris;Passy;dpassyie@nydailynews.com;zA6<#D'btCR;Female;27 678 087 805
Concettina;Hales;chalesif@marketwatch.com;cO0%#r)>,*U;Female;27 577 722 295
Edouard;Maber;emaberig@illinois.edu;zA5$*8gf)3ru;Male;27 311 282 145
Lotte;Caddie;lcaddieih@ning.com;"wA0*rfe""YA_";Female;27 777 574 025
Giorgi;Wylder;gwylderii@etsy.com;gS1=a0;Male;27 304 608 375
Ingemar;Fidgin;ifidginij@berkeley.edu;lY9@nEO3<P;Male;27 364 372 395
Gareth;Goodday;ggooddayik@hc360.com;jN5?*!JIgh\;Male;27 071 660 815
Faith;Fearnyhough;ffearnyhoughil@hexun.com;sU2/vFGB8{`U;Female;27 765 448 855
Myrtie;Bonafant;mbonafantim@skype.com;pQ0|L&;Female;27 221 248 015
Vernor;Stood;vstoodin@bizjournals.com;"uW4""SMQl7E?D";Male;27 844 982 595
Gabriele;Wakelam;gwakelamio@mozilla.com;cD3&Nsq=Xe;Male;27 067 109 175
Sisely;Lambersen;slambersenip@webs.com;dW2}|<LZF?C#;Female;27 278 112 315
Johnette;Cockaday;jcockadayiq@cnn.com;aJ3}CLF%*F;Female;27 786 217 275
Ephrayim;Sollom;esollomir@patch.com;cX4.*.R;Male;27 609 943 725
Lucky;Gunter;lgunteris@ustream.tv;"yS5~BHlOuD""S";Female;27 941 337 265
Queenie;Garth;qgarthit@mayoclinic.com;zB3_T$';Female;27 317 171 125
Hermann;Deboy;hdeboyiu@hhs.gov;nJ4,=+h*W{g2;Male;27 573 165 835
Rock;Spencelayh;rspencelayhiv@pagesperso-orange.fr;xF8.X4'3#;Male;27 952 481 685
Rollins;Crucetti;rcrucettiiw@epa.gov;lY0%4xh9;Male;27 625 533 815
Wallie;Salling;wsallingix@chicagotribune.com;vW6}@GUabrEX;Female;27 458 925 465
Aloysius;Baume;abaumeiy@newyorker.com;bU9,)\z?_I;Male;27 648 519 645
Johna;Bewicke;jbewickeiz@timesonline.co.uk;rZ9}LCW|;Female;27 680 468 585
Carena;Kennford;ckennfordj0@de.vu;pR2'@|xY;Female;27 782 515 875
Grantham;Shevill;gshevillj1@cloudflare.com;oC2<0X;Male;27 598 621 725
Giffer;Godwyn;ggodwynj2@pbs.org;mX2(2v;Male;27 673 113 275
Gerti;Whibley;gwhibleyj3@yolasite.com;lU6\r8tr;Female;27 623 655 475
Trace;O'Hanlon;tohanlonj4@qq.com;jK8+G`F;Male;27 267 688 575
Godfree;Ruggieri;gruggierij5@npr.org;hB9}vYIuew7;Male;27 768 761 835
Berthe;McKevitt;bmckevittj6@yale.edu;cN4<$4UIc;Female;27 308 575 155
Shandy;Longmate;slongmatej7@freewebs.com;tA2(q$;Female;27 585 884 765
Jamaal;Luparti;jlupartij8@ask.com;jT5\jfVCL3;Male;27 122 626 385
Gilligan;Ofener;gofenerj9@zimbio.com;tR7%Hrf;Female;27 111 446 325
D'arcy;Buglass;dbuglassja@noaa.gov;rK0$o'lxuc;Male;27 058 548 615
Orella;Mockes;omockesjb@unblog.fr;jW7!@a;Female;27 481 983 125
Sarene;Fynn;sfynnjc@ed.gov;"xU7""{V~\qo6j";Female;27 247 607 685
Drake;Prescote;dprescotejd@apache.org;hU8<j.;Male;27 153 370 985
Diarmid;Forryan;dforryanje@unblog.fr;tJ5_+INc;Male;27 226 930 165
Oswald;Dumbrall;odumbralljf@tinyurl.com;yJ9|YZK;Male;27 502 165 495
Daniella;Whiteside;dwhitesidejg@ifeng.com;gW0{Br;Female;27 684 264 255
Letti;Emmison;lemmisonjh@utexas.edu;lM7|2&4DVQ;Female;27 284 643 425
Hali;Francklin;hfrancklinji@japanpost.jp;oM5|,O?b;Female;27 526 578 265
Aharon;Ellington;aellingtonjj@twitter.com;"mO4_R""Pn)\Lt";Male;27 473 938 875
Gregory;Didsbury;gdidsburyjk@xrea.com;yD0'OmFe~'_;Male;27 995 326 785
Aaren;Snoddin;asnoddinjl@cyberchimps.com;yG6*2+`eKPu;Female;27 888 157 215
Roosevelt;Roostan;rroostanjm@microsoft.com;gT3\x*SiC;Male;27 331 834 525
Olia;Mac Geaney;omacgeaneyjn@prnewswire.com;cR6,Hv,;Female;27 207 942 095
Roderick;Ivanishin;rivanishinjo@hp.com;vF6?f8;Male;27 122 103 555
Sully;Lansdowne;slansdownejp@unc.edu;"vR7""$OhD";Male;27 150 956 545
Joellen;Toderini;jtoderinijq@blogtalkradio.com;rL2<j9Y;Female;27 687 474 485
Padraic;MacLachlan;pmaclachlanjr@de.vu;xJ8#ORz$22k0;Male;27 354 920 085
Lula;Goggin;lgogginjs@ning.com;mI3\oY_B4%3I;Female;27 941 388 955
Immanuel;Scrimshaw;iscrimshawjt@themeforest.net;qG5*WxC9;Male;27 625 551 845
Aurthur;Groarty;agroartyju@tripadvisor.com;iA9>x8!a7;Male;27 349 921 235
Bettye;Auchinleck;bauchinleckjv@soup.io;kF4?U`He;Female;27 445 523 755
Alexandros;Brogi;abrogijw@mlb.com;qU4<7Q;Male;27 838 778 445
Audra;Rockwill;arockwilljx@who.int;dF7=InO?e7@!;Female;27 548 979 525
Ring;Barriball;rbarriballjy@opensource.org;vE9'm1F;Male;27 434 722 665
Miller;Shearsby;mshearsbyjz@independent.co.uk;wL5>%i;Male;27 341 670 215
Gav;Sherborne;gsherbornek0@webs.com;rZ1_3$TNSFlS;Male;27 350 844 485
Janaye;Luberto;jlubertok1@eepurl.com;uE9<wd;Female;27 308 122 865
Andy;Stranger;astrangerk2@list-manage.com;dA7(B(}CV|,C;Male;27 024 879 245
Frieda;Wadesworth;fwadesworthk3@liveinternet.ru;dX0.pBQP4;Female;27 233 552 385
Gloriana;Grinyakin;ggrinyakink4@last.fm;yD4{IY;Female;27 117 240 065
Deanne;Ferrar;dferrark5@technorati.com;yI4|jr/++09.;Female;27 431 771 885
Gilburt;Gummow;ggummowk6@shinystat.com;bE3_42=>;Male;27 787 202 545
Ilka;Housbey;ihousbeyk7@deviantart.com;hS3)=X/;Female;27 417 131 455
Anetta;Harbottle;aharbottlek8@kickstarter.com;xJ2.yqbo;Female;27 722 272 175
Flossi;Wishart;fwishartk9@chron.com;kE2!p`wc';Female;27 675 826 625
Christina;Hartzog;chartzogka@icq.com;cL3~)04A\g;Female;27 139 574 395
Jerry;Mugleston;jmuglestonkb@zimbio.com;fN5`k#y.6r|;Male;27 545 818 625
Breena;Cane;bcanekc@w3.org;"dZ2(_|""";Female;27 432 606 425
Fiona;Welch;fwelchkd@gravatar.com;lU3!n+LXnY??;Female;27 524 193 925
Isadora;Russell;irussellke@typepad.com;cB3!Ni1Y;Female;27 785 155 495
Bart;Bramsen;bbramsenkf@geocities.jp;aA7`x<8?Y;Male;27 465 104 345
Winthrop;Brunsen;wbrunsenkg@360.cn;qX2*z|0@sNO;Male;27 351 306 415
Rose;Norcliffe;rnorcliffekh@google.com.hk;gA5>>V(}S;Female;27 175 121 245
Knox;Faherty;kfahertyki@blinklist.com;mF1)3*;Male;27 572 824 715
Carolan;Gibby;cgibbykj@sogou.com;"eZ5""QPMMas";Female;27 151 485 625
Ashby;Heald;ahealdkk@blogger.com;iR5<_wG2H;Male;27 182 976 755
Phil;Quiddinton;pquiddintonkl@msu.edu;rX5`F@T#A;Male;27 138 253 185
Nicolas;Bloomer;nbloomerkm@ihg.com;jF6%@l@v;Male;27 343 356 645
Errick;Kubasek;ekubasekkn@bloglines.com;iL9.'?A;Male;27 115 025 725
Dode;Pauly;dpaulyko@storify.com;tG0_Cr;Female;27 112 623 365
Prent;McNeil;pmcneilkp@symantec.com;kK5>iR!Tf;Male;27 663 762 455
Lynnett;Jacobsson;ljacobssonkq@thetimes.co.uk;fV3$h+aG7iAe;Female;27 228 361 445
Roderick;Spaldin;rspaldinkr@lycos.com;kT7>.8n5FbA8;Male;27 768 446 855
Raven;Follin;rfollinks@google.fr;jL0{I6;Female;27 643 077 375
Olivero;Scotchmore;oscotchmorekt@comsenz.com;hZ0<VK;Male;27 120 054 875
Myrta;Alston;malstonku@reverbnation.com;kE4_LC;Female;27 133 266 245
Budd;Perrin;bperrinkv@zimbio.com;fA1!$$yL);Male;27 180 753 555
Randy;Leitche;rleitchekw@timesonline.co.uk;xU1*)nCEa;Female;27 728 683 125
Juan;Slinn;jslinnkx@gravatar.com;"zU6|""f/";Male;27 090 279 155
Rena;Murkin;rmurkinky@cdc.gov;jI8{*Y(HavtD;Female;27 180 986 485
Cosimo;Brewis;cbrewiskz@godaddy.com;wO6|su%8|;Male;27 635 437 535
Brig;Prior;bpriorl0@youtu.be;oG4'Tq*<;Male;27 529 469 285
Perri;Dobbyn;pdobbynl1@is.gd;rE0.y?EVTN*J;Female;27 712 365 145
Brocky;Trimme;btrimmel2@noaa.gov;mL9&mNqLo0;Male;27 153 364 875
Faith;Basham;fbashaml3@nyu.edu;iN7)ATnq9Mty;Female;27 133 616 555
Abdul;Coronado;acoronadol4@people.com.cn;yO6@?lP~O;Male;27 634 788 985
Peadar;Prestney;pprestneyl5@twitpic.com;dM6%$h\.0;Male;27 355 898 555
Erika;Laydel;elaydell6@technorati.com;iZ8$wo;Female;27 537 642 985
Berenice;De Freitas;bdefreitasl7@indiatimes.com;bI4<I6n!o;Female;27 322 275 165
Bobbie;Gudeman;bgudemanl8@youtu.be;mP1\*J#\u05P;Female;27 987 275 765
Brett;Calton;bcaltonl9@si.edu;yY3\H\4;Male;27 516 976 385
Megan;Brummell;mbrummellla@ox.ac.uk;xL7{TcLgh.P6;Female;27 972 757 205
Lyman;Godlonton;lgodlontonlb@purevolume.com;uG7)*s{xn.;Male;27 134 914 135
Burnard;Stidever;bstideverlc@ow.ly;"zU2`#"".l?v'h";Male;27 319 717 675
Budd;Oke;bokeld@jalbum.net;pZ3@VBW4;Male;27 108 783 475
Jean;Jendricke;jjendrickele@narod.ru;uG6)mt;Female;27 381 128 005
Agosto;Haining;ahaininglf@nifty.com;sQ0?GZw;Male;27 463 518 855
Dionysus;Marien;dmarienlg@cdbaby.com;dL7+36eQq;Male;27 354 261 865
Levey;Pendleberry;lpendleberrylh@pcworld.com;sK4$U~FgQ!nf;Male;27 713 553 865
Kailey;Thorouggood;kthorouggoodli@sitemeter.com;"mZ9""WV(,cYN";Female;27 651 063 945
Morey;Sawle;msawlelj@g.co;fJ0?Ho>esVH;Male;27 148 028 025
Inger;Paolini;ipaolinilk@tinypic.com;eJ1_uG;Male;27 788 417 815
Meridith;Mayhow;mmayhowll@hubpages.com;sT4{FLlG$y;Female;27 726 361 455
Kippie;Brownsey;kbrownseylm@ftc.gov;xD5,<ym;Female;27 164 848 375
Elliot;Sember;esemberln@dmoz.org;hD2>dN;Male;27 863 028 785
Anne-corinne;Dyers;adyerslo@trellian.com;wX3$81C+;Female;27 688 808 355
Gerard;Moehle;gmoehlelp@so-net.ne.jp;qX3@)\rgi;Male;27 048 573 275
Netty;Peres;npereslq@bbc.co.uk;jX1$r5r0_ZJ;Female;27 335 632 215
Terrance;Braidon;tbraidonlr@google.it;kE1#w8;Male;27 655 615 185
Pincas;Attock;pattockls@fc2.com;vY7!kE&M%;Male;27 617 765 685
Jeane;Traynor;jtraynorlt@dailymotion.com;oB2#R0k;Female;27 633 054 245
Valerye;McManus;vmcmanuslu@edublogs.org;kQ9_`jAXfRH;Female;27 515 867 655
Letitia;Aslie;laslielv@fc2.com;tI5@BiQ;Female;27 681 602 355
Marian;Mossop;mmossoplw@gmpg.org;cZ8)M=N;Female;27 153 306 885
Rafaello;Duffy;rduffylx@sciencedirect.com;pB0*'jp;Male;27 577 732 755
Arleen;Aloway;aalowayly@disqus.com;hL3<#4Ti;Female;27 537 876 195
Mersey;Giovannardi;mgiovannardilz@patch.com;iX8!xW>c4;Female;27 128 074 245
Arman;Sturt;asturtm0@dailymotion.com;jO0'$mG,,U#;Male;27 967 924 495
Rosene;Fetherstan;rfetherstanm1@typepad.com;lS2|Im;Female;27 324 331 375
Crissy;Urion;curionm2@csmonitor.com;mC1@JcG|uX;Female;27 423 231 265
Lois;Smewing;lsmewingm3@youtube.com;eF5)=vDZG;Female;27 139 648 235
Rosella;Amori;ramorim4@example.com;nS8,N/G+!E;Female;27 727 249 885
Blisse;Effemy;beffemym5@omniture.com;qQ5|\$/b_8;Female;27 654 181 365
Willamina;Dieton;wdietonm6@1688.com;bF4<$Td)!o;Female;27 644 678 115
Paola;Innocent;pinnocentm7@domainmarket.com;yN6,iq?}wF;Female;27 217 345 855
Keeley;Carlaw;kcarlawm8@google.es;"tO2{+""pdnMf>";Female;27 133 873 415
Asher;Pavlenko;apavlenkom9@marriott.com;sU0~4jr9v7J;Male;27 406 515 985
Kirbee;Kolis;kkolisma@fastcompany.com;jD6\}5A;Female;27 979 657 735
Sabina;Ghirigori;sghirigorimb@ucsd.edu;yF5_qR3,.>#;Female;27 478 663 035
Che;Espin;cespinmc@so-net.ne.jp;aA4?0{;Male;27 765 908 845
Evyn;Lemmen;elemmenmd@parallels.com;gN4%jeC(;Male;27 867 321 225
Philbert;Ambrosch;pambroschme@istockphoto.com;xU8(*~;Male;27 845 548 975
Mame;Proffitt;mproffittmf@meetup.com;nF5+7Ccw8};Female;27 850 648 325
Charla;Hoff;choffmg@so-net.ne.jp;xE9\!a@hNzKy;Female;27 818 646 555
Clair;Meneghelli;cmeneghellimh@vistaprint.com;dO4?dyD@Fo;Male;27 624 220 695
Yolande;Gartshore;ygartshoremi@apache.org;aM8.7O?'Q7zC;Female;27 832 176 565
Madella;Faircley;mfaircleymj@timesonline.co.uk;zM9)xdD_G;Female;27 111 283 615
Sandi;Meany;smeanymk@studiopress.com;lZ1#bfu;Female;27 246 224 445
Ginnifer;Hornbuckle;ghornbuckleml@trellian.com;sD3}<E\x9=0;Female;27 452 447 185
Bronny;Scotchford;bscotchfordmm@sbwire.com;xB7.?fsTx;Male;27 044 791 865
Kevina;Wilmut;kwilmutmn@360.cn;rN1>H>R;Female;27 867 696 655
Timi;Whitley;twhitleymo@sciencedirect.com;mE1_=LN/R|u;Female;27 752 087 775
Janeen;Dudin;jdudinmp@moonfruit.com;gL3?e)8X$*;Female;27 375 349 645
Dulcy;Ainsby;dainsbymq@timesonline.co.uk;tD6(c~o==O;Female;27 817 357 585
Orson;Duchesne;oduchesnemr@nih.gov;eN4+tq<rP)R;Male;27 016 069 135
Elnore;Dobrowolski;edobrowolskims@fotki.com;jA8\n2;Female;27 768 432 785
Joellyn;McRobbie;jmcrobbiemt@narod.ru;yT7)I+<*L4?;Female;27 743 397 995
Carlye;Schoenfisch;cschoenfischmu@eepurl.com;bC2'b1p0q;Female;27 261 734 855
Tommy;Anthon;tanthonmv@techcrunch.com;"lM7~qhuDD""";Male;27 282 546 155
Gunilla;Devericks;gdevericksmw@paypal.com;eW6{Hf(V;Female;27 269 710 415
Yanaton;Guillerman;yguillermanmx@geocities.jp;"vG3_I""";Male;27 631 003 865
Giraldo;Treamayne;gtreamaynemy@netlog.com;"cZ2/""wu55";Male;27 856 730 275
Demeter;Thorp;dthorpmz@smugmug.com;yQ8/JUVc;Female;27 626 181 535
Tabitha;Barrable;tbarrablen0@meetup.com;dQ1(DGhI;Female;27 058 581 345
Herold;Scholes;hscholesn1@posterous.com;zZ9}H,;Male;27 160 333 255
Augy;Ginty;agintyn2@webmd.com;kE4'mg*!8fI;Male;27 136 501 185
Adrien;Vincent;avincentn3@sfgate.com;fS7&G/~;Male;27 282 332 635
Antoni;Ottery;aotteryn4@delicious.com;wF8/w0W;Male;27 673 282 225
Gayelord;Bardwell;gbardwelln5@lycos.com;qU9>OPS`'I;Male;27 428 983 715
Drew;Ricco;driccon6@weather.com;lL8!E5;Male;27 463 572 725
Edeline;Loseby;elosebyn7@telegraph.co.uk;nE7&3)R4E7;Female;27 235 364 465
Shaylah;Parkman;sparkmann8@vimeo.com;zQ8#_M~;Female;27 143 549 685
Carlo;Eastgate;ceastgaten9@w3.org;qC5+Y~dV4%$d;Male;27 948 871 505
Ric;Merkle;rmerklena@examiner.com;mB9{ye`*qr+;Male;27 337 592 745
Kermy;Okell;kokellnb@weibo.com;fU8*YDA/o;Male;27 676 602 345
Wash;Fayter;wfayternc@usgs.gov;nP0&LFpk@;Male;27 551 516 535
Karl;Wyant;kwyantnd@ow.ly;vI8+D9G'HE5d;Male;27 677 932 075
Farr;Beddingham;fbeddinghamne@webs.com;"yZ1""s`4+Z9eu";Male;27 247 117 215
Lanni;Challens;lchallensnf@goo.gl;qU3,C{>&I/V;Female;27 894 188 255
Timothea;Butterfield;tbutterfieldng@github.io;gT1.G~?95Ao;Female;27 428 961 395
Phyllida;Husset;phussetnh@topsy.com;hD6,u';Female;27 722 704 165
Archie;Aulsford;aaulsfordni@myspace.com;fX8+A}W;Male;27 779 130 645
Elsi;Calbrathe;ecalbrathenj@wordpress.com;yD9(pT*hFM;Female;27 116 573 225
Roxanne;Ilyenko;rilyenkonk@businessweek.com;"cI7\""SN";Female;27 627 598 495
Sheelah;Lukianov;slukianovnl@mail.ru;dU0{JRA;Female;27 820 126 655
Adriano;Bruyns;abruynsnm@blogspot.com;kY8/YK;Male;27 051 520 675
Christophe;Chettle;cchettlenn@constantcontact.com;nL5&W%</e;Male;27 707 134 745
June;Attewill;jattewillno@dyndns.org;mW8.R.@Yq;Female;27 218 026 165
Dorthea;Ginman;dginmannp@netscape.com;"uB8??!""C*";Female;27 613 574 305
Ruddie;Dumberell;rdumberellnq@stumbleupon.com;"kT3'""q~EH%";Male;27 613 544 625
Isaak;Cufley;icufleynr@ted.com;uT3*c||;Male;27 517 571 725
Ferdy;Trodd;ftroddns@businesswire.com;hJ8\>9$~}uag;Male;27 282 372 065
Stephen;Kendal;skendalnt@washington.edu;iB2_*ps/;Male;27 337 234 145
Amory;Wildash;awildashnu@constantcontact.com;pD6@BSxW)c8\;Male;27 678 014 575
Rianon;Edward;redwardnv@newyorker.com;gA4.sM1Y3X$k;Female;27 883 818 495
Kilian;Tideswell;ktideswellnw@netscape.com;bP2(Spd+s'S5;Male;27 062 382 525
Marcus;Pettingall;mpettingallnx@ox.ac.uk;lJ0*5~);Male;27 571 688 875
Elisa;Caig;ecaigny@ustream.tv;tU1+~Vs1=Mv;Female;27 263 837 215
Tonnie;Borland;tborlandnz@constantcontact.com;kR4~)A~uu;Male;27 974 065 815
Jamie;Spiers;jspierso0@about.com;gI6{8f#PEsZJ;Female;27 614 125 735
Bryant;Eykelbosch;beykelboscho1@behance.net;lU9>GX;Male;27 333 367 215
Hesther;Doogan;hdoogano2@bizjournals.com;xA5*p6*S;Female;27 249 854 215
Renard;Demicoli;rdemicolio3@ibm.com;jM8\McOgZxxo;Male;27 822 043 485
Carmelina;Jessop;cjessopo4@newyorker.com;eV0{),;Female;27 202 875 435
Melvyn;Semmens;msemmenso5@wordpress.org;yS1}&+#;Male;27 347 672 495
Gabbie;Trustey;gtrusteyo6@fotki.com;jP0!CGYWKoD;Male;27 711 231 565
Dari;Marchington;dmarchingtono7@nhs.uk;"lY5>Fa%""";Female;27 433 842 155
Jarib;Braams;jbraamso8@nytimes.com;cP2\fK;Male;27 546 654 465
Corrianne;Polglaze;cpolglazeo9@altervista.org;rT4.m8{j;Female;27 850 883 985
Dyane;Creeboe;dcreeboeoa@businesswire.com;bF4>a1;Female;27 983 417 635
Vanessa;Parley;vparleyob@yahoo.co.jp;lT4`,_Y;Female;27 651 679 485
Edan;Aldersea;ealderseaoc@nature.com;yX9)q/'|;Male;27 306 444 585
Lil;Shapira;lshapiraod@tripadvisor.com;hU2`&`aJ;Female;27 377 217 595
Chiquia;Lohden;clohdenoe@apache.org;lE7*%bqExGsr;Female;27 845 342 445
Clim;Heinert;cheinertof@booking.com;vH3$vI';Male;27 651 321 915
Ardis;Warcop;awarcopog@jigsy.com;"lZ9\I'T""LV";Female;27 541 892 835
Ervin;Lowdes;elowdesoh@paginegialle.it;yM3<sdEa;Male;27 115 697 445
Arleen;Myers;amyersoi@wiley.com;nH7$YEV6H;Female;27 917 520 445
Andonis;Rymer;arymeroj@un.org;fT4>m,GM;Male;27 383 203 105
Saba;Cason;scasonok@issuu.com;kE6<M|);Female;27 360 116 475
Raine;Schankelborg;rschankelborgol@prlog.org;iV1#V);Female;27 816 188 715
Terencio;Kenwyn;tkenwynom@hibu.com;rF5!wW;Male;27 898 724 395
Lani;Parsonage;lparsonageon@wikimedia.org;pI6(e6&};Female;27 295 585 345
Moore;Chiommienti;mchiommientioo@php.net;nN4&9v/;Male;27 736 245 415
Carmela;Joannet;cjoannetop@ow.ly;yV8?(IjP*?;Female;27 187 855 745
Harper;Catanheira;hcatanheiraoq@walmart.com;yU4|9@G;Male;27 869 346 725
Monroe;Turn;mturnor@boston.com;uI4/Y$qlMlWE;Male;27 175 299 825
Ira;Fillary;ifillaryos@google.com.au;lL2|?D{~;Female;27 807 587 815
Sinclare;Bergeau;sbergeauot@vistaprint.com;jV7(m5O_;Male;27 988 928 775
Debora;Buttrum;dbuttrumou@printfriendly.com;bK1,g.Mm92E;Female;27 741 577 765
Jessee;Emslie;jemslieov@businessinsider.com;tH7&T@{~r$1;Male;27 257 666 125
Barny;Jenteau;bjenteauow@deliciousdays.com;sU2=Q,m|L;Male;27 048 032 865
Ahmad;Prando;aprandoox@europa.eu;"zJ7""$@I";Male;27 626 770 235
Reamonn;Bordis;rbordisoy@ftc.gov;xX6{hL|;Male;27 420 351 395
Tobi;Escoffier;tescoffieroz@yellowpages.com;rT2?_W5n)nN;Female;27 663 756 255
Selie;Haythorne;shaythornep0@vkontakte.ru;eI1(/$;Female;27 367 654 965
Star;Hedylstone;shedylstonep1@amazonaws.com;hE6`Xy,~4cHe;Female;27 684 832 875
Alyda;Gowland;agowlandp2@virginia.edu;zC1|c4m?WqD;Female;27 317 218 745
Letty;Offill;loffillp3@dyndns.org;tN9|.,p>2;Female;27 381 239 575
Gayelord;Schubert;gschubertp4@dailymail.co.uk;pQ7`e+RPQ;Male;27 119 440 615
Riordan;Arson;rarsonp5@usnews.com;nI3*!~FW;Male;27 444 022 235
Gae;Ferreira;gferreirap6@senate.gov;bM3'k\J;Female;27 474 361 585
Lucilia;Van Saltsberg;lvansaltsbergp7@nationalgeographic.com;iF2=b%gLe;Female;27 283 872 575
Donetta;Le Quesne;dlequesnep8@qq.com;dM0@1?;Female;27 841 862 335
Carina;Bettington;cbettingtonp9@eventbrite.com;zS7>Xh5;Female;27 523 432 775
Benjy;Chaundy;bchaundypa@jugem.jp;jF2{kQJ!H8;Male;27 458 506 225
Oneida;Ridpath;oridpathpb@tinypic.com;cP5}}{;Female;27 506 467 755
Zachery;Franzelini;zfranzelinipc@economist.com;iB5{6{a?>8;Male;27 412 349 275
Sebastien;Hearsum;shearsumpd@so-net.ne.jp;vX6{Enm|za?9;Male;27 105 640 115
Tiff;Quinnette;tquinnettepe@gravatar.com;uB6?E3@;Female;27 534 722 355
Althea;Winnister;awinnisterpf@flickr.com;oC8!vM;Female;27 229 781 385
Franklyn;Bodle;fbodlepg@parallels.com;uM8$MvA~2yL;Male;27 614 874 105
Nefen;Ginity;nginityph@bloomberg.com;nF7`4js#K;Male;27 556 037 245
Tess;Judd;tjuddpi@example.com;rD8<l/exZw;Female;27 691 386 645
Shelba;Partrick;spartrickpj@google.com.au;cB6*)zh%;Female;27 488 538 145
Giulietta;Le Grice;glegricepk@alibaba.com;sL6/E!W$`Xa;Female;27 125 823 965
Beatrice;De Biasi;bdebiasipl@biblegateway.com;hH6)uClJ\?;Female;27 325 255 965
Locke;de Amaya;ldeamayapm@opera.com;aH7)Al.jHq;Male;27 475 154 685
Mervin;Wickson;mwicksonpn@jugem.jp;kP7(eYt?U;Male;27 341 920 595
Kayla;Oty;kotypo@twitpic.com;mE8?AG'J;Female;27 685 845 155
Annamarie;Spires;aspirespp@behance.net;sN4}j'n;Female;27 219 633 415
Gregorius;Leglise;gleglisepq@fema.gov;mT1!*@Iw;Male;27 643 325 025
Rem;Atwool;ratwoolpr@goo.gl;uS7<6.ABV;Male;27 280 570 135
Judd;Bissex;jbissexps@usatoday.com;lF8?cKx9;Male;27 294 471 455
Donica;Haresnape;dharesnapept@jimdo.com;tS0)9H;Female;27 228 132 465
Stacee;Petre;spetrepu@home.pl;mF8'$p;Male;27 065 696 585
Lin;Terlinden;lterlindenpv@surveymonkey.com;uB3>yQp};Female;27 382 134 385
Brig;Alstead;balsteadpw@ebay.com;tG7|c(|5;Male;27 686 551 825
Carley;Burgoin;cburgoinpx@netlog.com;fY4%L>b;Female;27 753 286 035
Bambi;Snedden;bsneddenpy@sbwire.com;aI3#dNH~#3JL;Female;27 882 482 395
Karlyn;Straneo;kstraneopz@icq.com;kI6>DiTZ;Female;27 767 882 455
Darb;Valerio;dvalerioq0@uiuc.edu;gB5`V)=A;Female;27 656 698 605
Wendell;Reddecliffe;wreddecliffeq1@nba.com;rL8)skO;Male;27 168 386 335
Dorothee;Bullon;dbullonq2@time.com;uI9$Qv%?;Female;27 166 319 125
Darill;Clench;dclenchq3@toplist.cz;yX4\eiX=K;Male;27 761 684 705
Dunn;Epton;deptonq4@samsung.com;xE2)Mv;Male;27 538 271 865
Lissi;Malim;lmalimq5@jimdo.com;"jM0""ABkl2e`o";Female;27 744 473 335
Kellen;Pykett;kpykettq6@dedecms.com;eD9%?}|oFq;Male;27 236 484 585
Neila;Demkowicz;ndemkowiczq7@theguardian.com;hF9}W@4k;Female;27 737 685 185
Cosimo;Gaitone;cgaitoneq8@cyberchimps.com;kY0+Hjz5mp;Male;27 201 788 765
Annabell;Ceschelli;aceschelliq9@ed.gov;qB6'%B32;Female;27 651 104 235
Margret;Wallbank;mwallbankqa@cbslocal.com;tJ7|d{h@rK?t;Female;27 272 543 305
Reba;Curcher;rcurcherqb@ftc.gov;gB6)VF)klaX;Female;27 341 834 785
Pippo;Muck;pmuckqc@google.de;zQ0~&9;Male;27 378 669 875
Sheelah;Laddle;sladdleqd@sogou.com;jG0*H8>x;Female;27 127 588 205
Katey;Busen;kbusenqe@stumbleupon.com;jG3+?Sll;Female;27 674 942 715
Janeen;Bisterfeld;jbisterfeldqf@nationalgeographic.com;rM9?npj$2;Female;27 514 988 625
Harmon;Stenning;hstenningqg@blogtalkradio.com;mZ0}dstv!*&F;Male;27 521 741 385
Brittney;Dubs;bdubsqh@hexun.com;oA2|yNsqc*gG;Female;27 170 032 875
Lewes;Howchin;lhowchinqi@tripod.com;bX8&XYWzg@1;Male;27 631 305 745
Bernard;McMurty;bmcmurtyqj@seesaa.net;tE8/WyU;Male;27 145 404 755
Betta;Selkirk;bselkirkqk@deviantart.com;eN2\vb)`FdX;Female;27 413 719 255
Inge;Cowing;icowingql@cpanel.net;xI7)076,8;Female;27 320 727 635
Stearn;Coucha;scouchaqm@amazonaws.com;tS9'hYV\X=;Male;27 674 891 375
Angelita;Mixon;amixonqn@chicagotribune.com;kN8/boc0{ba@;Female;27 748 024 515
Nolie;Tordoff;ntordoffqo@indiatimes.com;"hP4\Q""";Female;27 928 478 555
Tommi;Maryman;tmarymanqp@icq.com;iH4+.?*tmn#H;Female;27 646 386 735
Dion;Silverson;dsilversonqq@sciencedirect.com;tJ8=W6ns;Male;27 759 669 145
Archie;Knapp;aknappqr@lycos.com;kT5.e3}$cIW;Male;27 647 252 475
Liesa;Diggar;ldiggarqs@rediff.com;hD5+a4<d;Female;27 562 308 255
Joseph;Goodoune;jgoodouneqt@blogspot.com;gK1\nW,vR#N;Male;27 135 678 855
Lauraine;Hogbourne;lhogbournequ@unblog.fr;nP2}@74D,;Female;27 027 511 845
Duffie;McSparran;dmcsparranqv@woothemes.com;sN4)ohU!vD;Male;27 786 702 885
Danila;Philip;dphilipqw@webs.com;zI7@/V.tw7j;Female;27 873 747 185
Briant;Ugoni;bugoniqx@hhs.gov;oY4+<6HcZ;Male;27 777 738 985
Zulema;Smitheman;zsmithemanqy@godaddy.com;uN0@7F;Female;27 558 885 585
Cecile;Costock;ccostockqz@eepurl.com;lT1&~zb)0zB;Female;27 811 833 815
Lenci;Varrow;lvarrowr0@vkontakte.ru;dC5<g1W;Male;27 943 085 225
Neil;Baine;nbainer1@youtu.be;fC6<<zsw&y;Male;27 562 182 915
Jodee;Fairburn;jfairburnr2@weibo.com;rQ5>wW.R|1?;Female;27 961 776 505
Mariejeanne;Marcoolyn;mmarcoolynr3@icio.us;mB4{}>HY9i1;Female;27 633 574 475
Anthony;Telezhkin;atelezhkinr4@vkontakte.ru;cN7@uWRpc;Male;27 553 124 235
Candis;Colyer;ccolyerr5@gnu.org;xT6{+AwJ';Female;27 593 360 365
Ashlen;Bustard;abustardr6@freewebs.com;cH3}S!Ymx`mr;Female;27 115 575 065
Felisha;Vause;fvauser7@yellowbook.com;qC4'Y},ZxvD;Female;27 662 726 805
Wilma;Frantzeni;wfrantzenir8@quantcast.com;sK2{h>PX)O;Female;27 481 750 325
Hercule;Mottershaw;hmottershawr9@google.cn;"aY4_+S=&h""";Male;27 324 117 855
Kikelia;Coldbreath;kcoldbreathra@unblog.fr;gS9+)U;Female;27 526 238 955
Helyn;Nassau;hnassaurb@networkadvertising.org;wC9=#/1Qdfh;Female;27 740 934 765
Berke;Bonnor;bbonnorrc@microsoft.com;lF6%QiDPuM;Male;27 041 884 535
Nikolia;Quinnet;nquinnetrd@creativecommons.org;eD8%d!NE)51W;Female;27 461 171 945
Nixie;Pettinger;npettingerre@topsy.com;yO0~t_Q$S/9u;Female;27 668 641 465
Rourke;Jaggar;rjaggarrf@canalblog.com;lG3`=g;Male;27 348 894 575
Sauveur;Gerrey;sgerreyrg@vimeo.com;pP2%XmV?s#;Male;27 470 861 385
Gwenette;Ashborn;gashbornrh@mlb.com;lD7,BAn$u6;Female;27 512 202 135
Madeline;Roomes;mroomesri@a8.net;dW5/y4;Female;27 267 344 825
Luther;Cisco;lciscorj@networkadvertising.org;zC4>Yq4fv;Male;27 528 980 155
Vonni;Corington;vcoringtonrk@utexas.edu;lQ4#f_qV~;Female;27 518 010 065
Case;Bradbrook;cbradbrookrl@comcast.net;qV5<!S_k|j+N;Male;27 650 017 525
Tobe;Mallalieu;tmallalieurm@reference.com;iR4'R\7Jm;Female;27 225 852 555
Billy;Stott;bstottrn@wikia.com;sH8.\@K2(ZXz;Female;27 276 678 615
Cristionna;Petworth;cpetworthro@illinois.edu;sX3$5%pu8Z\;Female;27 814 625 115
Royce;Mendenhall;rmendenhallrp@over-blog.com;dN5,hoJ`,V(z;Male;27 626 727 285
Tiebout;Pippard;tpippardrq@mlb.com;tI2)L_N2N?;Male;27 308 795 655
Kerry;Pitceathly;kpitceathlyrr@dropbox.com;zX5(_r*8DH`W;Male;27 221 556 365
